initial_mass,initial_Z,run_dir_path,min_model_number,max_model_number
2.5,0.0015,/home/tnd/mesa-r23.05.1/STRANGE/nad_convos_mid/run_nad_convos_mid_2.5MSUN_z0.0015,1832,2077
3.0,0.0015,/home/tnd/mesa-r23.05.1/STRANGE/nad_convos_mid/run_nad_convos_mid_3.0MSUN_z0.0015,1800,1938
3.0,0.0020,/home/tnd/mesa-r23.05.1/STRANGE/nad_convos_mid/run_nad_convos_mid_3.0MSUN_z0.0020,1854,2062
3.0,0.0025,/home/tnd/mesa-r23.05.1/STRANGE/nad_convos_mid/run_nad_convos_mid_3.0MSUN_z0.0025,1891,2102
3.5,0.0015,/home/tnd/mesa-r23.05.1/STRANGE/nad_convos_mid/run_nad_convos_mid_3.5MSUN_z0.0015,1795,1965
3.5,0.0020,/home/tnd/mesa-r23.05.1/STRANGE/nad_convos_mid/run_nad_convos_mid_3.5MSUN_z0.0020,1829,1973
3.5,0.0025,/home/tnd/mesa-r23.05.1/STRANGE/nad_convos_mid/run_nad_convos_mid_3.5MSUN_z0.0025,1867,1988
3.5,0.0030,/home/tnd/mesa-r23.05.1/STRANGE/nad_convos_mid/run_nad_convos_mid_3.5MSUN_z0.0030,1881,2026
3.5,0.0035,/home/tnd/mesa-r23.05.1/STRANGE/nad_convos_mid/run_nad_convos_mid_3.5MSUN_z0.0035,1926,2111
3.5,0.0040,/home/tnd/mesa-r23.05.1/STRANGE/nad_convos_mid/run_nad_convos_mid_3.5MSUN_z0.0040,1951,2126
3.5,0.0045,/home/tnd/mesa-r23.05.1/STRANGE/nad_convos_mid/run_nad_convos_mid_3.5MSUN_z0.0045,1972,2095
4.0,0.0015,/home/tnd/mesa-r23.05.1/STRANGE/nad_convos_mid/run_nad_convos_mid_4.0MSUN_z0.0015,1766,1950
4.0,0.0020,/home/tnd/mesa-r23.05.1/STRANGE/nad_convos_mid/run_nad_convos_mid_4.0MSUN_z0.0020,1815,1961
4.0,0.0025,/home/tnd/mesa-r23.05.1/STRANGE/nad_convos_mid/run_nad_convos_mid_4.0MSUN_z0.0025,1839,1967
4.0,0.0030,/home/tnd/mesa-r23.05.1/STRANGE/nad_convos_mid/run_nad_convos_mid_4.0MSUN_z0.0030,1868,2016
4.0,0.0035,/home/tnd/mesa-r23.05.1/STRANGE/nad_convos_mid/run_nad_convos_mid_4.0MSUN_z0.0035,1883,2009
4.0,0.0040,/home/tnd/mesa-r23.05.1/STRANGE/nad_convos_mid/run_nad_convos_mid_4.0MSUN_z0.0040,1925,2048
4.0,0.0045,/home/tnd/mesa-r23.05.1/STRANGE/nad_convos_mid/run_nad_convos_mid_4.0MSUN_z0.0045,1939,2069
4.0,0.0050,/home/tnd/mesa-r23.05.1/STRANGE/nad_convos_mid/run_nad_convos_mid_4.0MSUN_z0.0050,1956,2122
4.0,0.0055,/home/tnd/mesa-r23.05.1/STRANGE/nad_convos_mid/run_nad_convos_mid_4.0MSUN_z0.0055,1967,2152
4.0,0.0060,/home/tnd/mesa-r23.05.1/STRANGE/nad_convos_mid/run_nad_convos_mid_4.0MSUN_z0.0060,1986,2156
4.0,0.0065,/home/tnd/mesa-r23.05.1/STRANGE/nad_convos_mid/run_nad_convos_mid_4.0MSUN_z0.0065,2002,2151
4.0,0.0070,/home/tnd/mesa-r23.05.1/STRANGE/nad_convos_mid/run_nad_convos_mid_4.0MSUN_z0.0070,2043,2149
4.0,0.0075,/home/tnd/mesa-r23.05.1/STRANGE/nad_convos_mid/run_nad_convos_mid_4.0MSUN_z0.0075,2068,2074
4.5,0.0015,/home/tnd/mesa-r23.05.1/STRANGE/nad_convos_mid/run_nad_convos_mid_4.5MSUN_z0.0015,1756,1939
4.5,0.0020,/home/tnd/mesa-r23.05.1/STRANGE/nad_convos_mid/run_nad_convos_mid_4.5MSUN_z0.0020,1801,1999
4.5,0.0025,/home/tnd/mesa-r23.05.1/STRANGE/nad_convos_mid/run_nad_convos_mid_4.5MSUN_z0.0025,1825,1942
4.5,0.0030,/home/tnd/mesa-r23.05.1/STRANGE/nad_convos_mid/run_nad_convos_mid_4.5MSUN_z0.0030,1847,1971
4.5,0.0035,/home/tnd/mesa-r23.05.1/STRANGE/nad_convos_mid/run_nad_convos_mid_4.5MSUN_z0.0035,1863,2019
4.5,0.0040,/home/tnd/mesa-r23.05.1/STRANGE/nad_convos_mid/run_nad_convos_mid_4.5MSUN_z0.0040,1896,2031
4.5,0.0045,/home/tnd/mesa-r23.05.1/STRANGE/nad_convos_mid/run_nad_convos_mid_4.5MSUN_z0.0045,1901,2036
4.5,0.0050,/home/tnd/mesa-r23.05.1/STRANGE/nad_convos_mid/run_nad_convos_mid_4.5MSUN_z0.0050,1923,2052
4.5,0.0055,/home/tnd/mesa-r23.05.1/STRANGE/nad_convos_mid/run_nad_convos_mid_4.5MSUN_z0.0055,1930,2063
4.5,0.0060,/home/tnd/mesa-r23.05.1/STRANGE/nad_convos_mid/run_nad_convos_mid_4.5MSUN_z0.0060,1936,2079
4.5,0.0065,/home/tnd/mesa-r23.05.1/STRANGE/nad_convos_mid/run_nad_convos_mid_4.5MSUN_z0.0065,1962,2104
4.5,0.0070,/home/tnd/mesa-r23.05.1/STRANGE/nad_convos_mid/run_nad_convos_mid_4.5MSUN_z0.0070,1988,2156
4.5,0.0075,/home/tnd/mesa-r23.05.1/STRANGE/nad_convos_mid/run_nad_convos_mid_4.5MSUN_z0.0075,2028,2219
4.5,0.0080,/home/tnd/mesa-r23.05.1/STRANGE/nad_convos_mid/run_nad_convos_mid_4.5MSUN_z0.0080,2056,2236
4.5,0.0085,/home/tnd/mesa-r23.05.1/STRANGE/nad_convos_mid/run_nad_convos_mid_4.5MSUN_z0.0085,2088,2261
4.5,0.0090,/home/tnd/mesa-r23.05.1/STRANGE/nad_convos_mid/run_nad_convos_mid_4.5MSUN_z0.0090,2116,2261
4.5,0.0095,/home/tnd/mesa-r23.05.1/STRANGE/nad_convos_mid/run_nad_convos_mid_4.5MSUN_z0.0095,2143,2254
4.5,0.0100,/home/tnd/mesa-r23.05.1/STRANGE/nad_convos_mid/run_nad_convos_mid_4.5MSUN_z0.0100,2174,2192
5.0,0.0015,/home/tnd/mesa-r23.05.1/STRANGE/nad_convos_mid/run_nad_convos_mid_5.0MSUN_z0.0015,1748,1956
5.0,0.0020,/home/tnd/mesa-r23.05.1/STRANGE/nad_convos_mid/run_nad_convos_mid_5.0MSUN_z0.0020,1783,1971
5.0,0.0025,/home/tnd/mesa-r23.05.1/STRANGE/nad_convos_mid/run_nad_convos_mid_5.0MSUN_z0.0025,1816,2003
5.0,0.0030,/home/tnd/mesa-r23.05.1/STRANGE/nad_convos_mid/run_nad_convos_mid_5.0MSUN_z0.0030,1831,1953
5.0,0.0035,/home/tnd/mesa-r23.05.1/STRANGE/nad_convos_mid/run_nad_convos_mid_5.0MSUN_z0.0035,1851,1993
5.0,0.0040,/home/tnd/mesa-r23.05.1/STRANGE/nad_convos_mid/run_nad_convos_mid_5.0MSUN_z0.0040,1868,2025
5.0,0.0045,/home/tnd/mesa-r23.05.1/STRANGE/nad_convos_mid/run_nad_convos_mid_5.0MSUN_z0.0045,1885,2042
5.0,0.0050,/home/tnd/mesa-r23.05.1/STRANGE/nad_convos_mid/run_nad_convos_mid_5.0MSUN_z0.0050,1892,2053
5.0,0.0055,/home/tnd/mesa-r23.05.1/STRANGE/nad_convos_mid/run_nad_convos_mid_5.0MSUN_z0.0055,1915,2072
5.0,0.0060,/home/tnd/mesa-r23.05.1/STRANGE/nad_convos_mid/run_nad_convos_mid_5.0MSUN_z0.0060,1920,2078
5.0,0.0065,/home/tnd/mesa-r23.05.1/STRANGE/nad_convos_mid/run_nad_convos_mid_5.0MSUN_z0.0065,1940,2092
5.0,0.0070,/home/tnd/mesa-r23.05.1/STRANGE/nad_convos_mid/run_nad_convos_mid_5.0MSUN_z0.0070,1952,2103
5.0,0.0075,/home/tnd/mesa-r23.05.1/STRANGE/nad_convos_mid/run_nad_convos_mid_5.0MSUN_z0.0075,1988,2139
5.0,0.0080,/home/tnd/mesa-r23.05.1/STRANGE/nad_convos_mid/run_nad_convos_mid_5.0MSUN_z0.0080,2003,2163
5.0,0.0085,/home/tnd/mesa-r23.05.1/STRANGE/nad_convos_mid/run_nad_convos_mid_5.0MSUN_z0.0085,2042,2212
5.0,0.0090,/home/tnd/mesa-r23.05.1/STRANGE/nad_convos_mid/run_nad_convos_mid_5.0MSUN_z0.0090,2073,2246
5.0,0.0095,/home/tnd/mesa-r23.05.1/STRANGE/nad_convos_mid/run_nad_convos_mid_5.0MSUN_z0.0095,2110,2301
5.0,0.0100,/home/tnd/mesa-r23.05.1/STRANGE/nad_convos_mid/run_nad_convos_mid_5.0MSUN_z0.0100,2132,2330
5.0,0.0105,/home/tnd/mesa-r23.05.1/STRANGE/nad_convos_mid/run_nad_convos_mid_5.0MSUN_z0.0105,2145,2334
5.0,0.0110,/home/tnd/mesa-r23.05.1/STRANGE/nad_convos_mid/run_nad_convos_mid_5.0MSUN_z0.0110,2183,2364
5.0,0.0115,/home/tnd/mesa-r23.05.1/STRANGE/nad_convos_mid/run_nad_convos_mid_5.0MSUN_z0.0115,2121,2284
5.0,0.0120,/home/tnd/mesa-r23.05.1/STRANGE/nad_convos_mid/run_nad_convos_mid_5.0MSUN_z0.0120,2135,2281
5.0,0.0125,/home/tnd/mesa-r23.05.1/STRANGE/nad_convos_mid/run_nad_convos_mid_5.0MSUN_z0.0125,2147,2276
5.0,0.0130,/home/tnd/mesa-r23.05.1/STRANGE/nad_convos_mid/run_nad_convos_mid_5.0MSUN_z0.0130,2159,2273
5.0,0.0135,/home/tnd/mesa-r23.05.1/STRANGE/nad_convos_mid/run_nad_convos_mid_5.0MSUN_z0.0135,2167,2259
5.0,0.0140,/home/tnd/mesa-r23.05.1/STRANGE/nad_convos_mid/run_nad_convos_mid_5.0MSUN_z0.0140,2174,2196
5.0,0.0145,/home/tnd/mesa-r23.05.1/STRANGE/nad_convos_mid/run_nad_convos_mid_5.0MSUN_z0.0145,2190,2198
5.5,0.0015,/home/tnd/mesa-r23.05.1/STRANGE/nad_convos_mid/run_nad_convos_mid_5.5MSUN_z0.0015,1733,1968
5.5,0.0020,/home/tnd/mesa-r23.05.1/STRANGE/nad_convos_mid/run_nad_convos_mid_5.5MSUN_z0.0020,1772,1949
5.5,0.0025,/home/tnd/mesa-r23.05.1/STRANGE/nad_convos_mid/run_nad_convos_mid_5.5MSUN_z0.0025,1794,1969
5.5,0.0030,/home/tnd/mesa-r23.05.1/STRANGE/nad_convos_mid/run_nad_convos_mid_5.5MSUN_z0.0030,1821,2006
5.5,0.0035,/home/tnd/mesa-r23.05.1/STRANGE/nad_convos_mid/run_nad_convos_mid_5.5MSUN_z0.0035,1839,1999
5.5,0.0040,/home/tnd/mesa-r23.05.1/STRANGE/nad_convos_mid/run_nad_convos_mid_5.5MSUN_z0.0040,1858,2026
5.5,0.0045,/home/tnd/mesa-r23.05.1/STRANGE/nad_convos_mid/run_nad_convos_mid_5.5MSUN_z0.0045,1864,2034
5.5,0.0050,/home/tnd/mesa-r23.05.1/STRANGE/nad_convos_mid/run_nad_convos_mid_5.5MSUN_z0.0050,1876,2053
5.5,0.0055,/home/tnd/mesa-r23.05.1/STRANGE/nad_convos_mid/run_nad_convos_mid_5.5MSUN_z0.0055,1905,2085
5.5,0.0060,/home/tnd/mesa-r23.05.1/STRANGE/nad_convos_mid/run_nad_convos_mid_5.5MSUN_z0.0060,1913,2104
5.5,0.0065,/home/tnd/mesa-r23.05.1/STRANGE/nad_convos_mid/run_nad_convos_mid_5.5MSUN_z0.0065,1907,2095
5.5,0.0070,/home/tnd/mesa-r23.05.1/STRANGE/nad_convos_mid/run_nad_convos_mid_5.5MSUN_z0.0070,1935,2117
5.5,0.0075,/home/tnd/mesa-r23.05.1/STRANGE/nad_convos_mid/run_nad_convos_mid_5.5MSUN_z0.0075,1962,2140
5.5,0.0080,/home/tnd/mesa-r23.05.1/STRANGE/nad_convos_mid/run_nad_convos_mid_5.5MSUN_z0.0080,1993,2164
5.5,0.0085,/home/tnd/mesa-r23.05.1/STRANGE/nad_convos_mid/run_nad_convos_mid_5.5MSUN_z0.0085,2001,2166
5.5,0.0090,/home/tnd/mesa-r23.05.1/STRANGE/nad_convos_mid/run_nad_convos_mid_5.5MSUN_z0.0090,2042,2202
5.5,0.0095,/home/tnd/mesa-r23.05.1/STRANGE/nad_convos_mid/run_nad_convos_mid_5.5MSUN_z0.0095,2071,2230
5.5,0.0100,/home/tnd/mesa-r23.05.1/STRANGE/nad_convos_mid/run_nad_convos_mid_5.5MSUN_z0.0100,2099,2265
5.5,0.0105,/home/tnd/mesa-r23.05.1/STRANGE/nad_convos_mid/run_nad_convos_mid_5.5MSUN_z0.0105,2115,2288
5.5,0.0110,/home/tnd/mesa-r23.05.1/STRANGE/nad_convos_mid/run_nad_convos_mid_5.5MSUN_z0.0110,2136,2312
5.5,0.0115,/home/tnd/mesa-r23.05.1/STRANGE/nad_convos_mid/run_nad_convos_mid_5.5MSUN_z0.0115,2166,2340
5.5,0.0120,/home/tnd/mesa-r23.05.1/STRANGE/nad_convos_mid/run_nad_convos_mid_5.5MSUN_z0.0120,2108,2278
5.5,0.0125,/home/tnd/mesa-r23.05.1/STRANGE/nad_convos_mid/run_nad_convos_mid_5.5MSUN_z0.0125,2113,2305
5.5,0.0130,/home/tnd/mesa-r23.05.1/STRANGE/nad_convos_mid/run_nad_convos_mid_5.5MSUN_z0.0130,2129,2319
5.5,0.0135,/home/tnd/mesa-r23.05.1/STRANGE/nad_convos_mid/run_nad_convos_mid_5.5MSUN_z0.0135,2145,2335
5.5,0.0140,/home/tnd/mesa-r23.05.1/STRANGE/nad_convos_mid/run_nad_convos_mid_5.5MSUN_z0.0140,2154,2346
5.5,0.0145,/home/tnd/mesa-r23.05.1/STRANGE/nad_convos_mid/run_nad_convos_mid_5.5MSUN_z0.0145,2162,2336
5.5,0.0150,/home/tnd/mesa-r23.05.1/STRANGE/nad_convos_mid/run_nad_convos_mid_5.5MSUN_z0.0150,2175,2344
5.5,0.0155,/home/tnd/mesa-r23.05.1/STRANGE/nad_convos_mid/run_nad_convos_mid_5.5MSUN_z0.0155,2187,2337
5.5,0.0160,/home/tnd/mesa-r23.05.1/STRANGE/nad_convos_mid/run_nad_convos_mid_5.5MSUN_z0.0160,2197,2335
5.5,0.0165,/home/tnd/mesa-r23.05.1/STRANGE/nad_convos_mid/run_nad_convos_mid_5.5MSUN_z0.0165,2293,2410
5.5,0.0170,/home/tnd/mesa-r23.05.1/STRANGE/nad_convos_mid/run_nad_convos_mid_5.5MSUN_z0.0170,2309,2405
5.5,0.0175,/home/tnd/mesa-r23.05.1/STRANGE/nad_convos_mid/run_nad_convos_mid_5.5MSUN_z0.0175,2326,2398
5.5,0.0180,/home/tnd/mesa-r23.05.1/STRANGE/nad_convos_mid/run_nad_convos_mid_5.5MSUN_z0.0180,2338,2358
5.5,0.0185,/home/tnd/mesa-r23.05.1/STRANGE/nad_convos_mid/run_nad_convos_mid_5.5MSUN_z0.0185,2350,2360
6.0,0.0015,/home/tnd/mesa-r23.05.1/STRANGE/nad_convos_mid/run_nad_convos_mid_6.0MSUN_z0.0015,1743,1993
6.0,0.0020,/home/tnd/mesa-r23.05.1/STRANGE/nad_convos_mid/run_nad_convos_mid_6.0MSUN_z0.0020,1765,1948
6.0,0.0025,/home/tnd/mesa-r23.05.1/STRANGE/nad_convos_mid/run_nad_convos_mid_6.0MSUN_z0.0025,1800,1972
6.0,0.0030,/home/tnd/mesa-r23.05.1/STRANGE/nad_convos_mid/run_nad_convos_mid_6.0MSUN_z0.0030,1826,2004
6.0,0.0035,/home/tnd/mesa-r23.05.1/STRANGE/nad_convos_mid/run_nad_convos_mid_6.0MSUN_z0.0035,1844,2012
6.0,0.0040,/home/tnd/mesa-r23.05.1/STRANGE/nad_convos_mid/run_nad_convos_mid_6.0MSUN_z0.0040,1859,2021
6.0,0.0045,/home/tnd/mesa-r23.05.1/STRANGE/nad_convos_mid/run_nad_convos_mid_6.0MSUN_z0.0045,1863,2032
6.0,0.0050,/home/tnd/mesa-r23.05.1/STRANGE/nad_convos_mid/run_nad_convos_mid_6.0MSUN_z0.0050,1878,2057
6.0,0.0055,/home/tnd/mesa-r23.05.1/STRANGE/nad_convos_mid/run_nad_convos_mid_6.0MSUN_z0.0055,1889,2074
6.0,0.0060,/home/tnd/mesa-r23.05.1/STRANGE/nad_convos_mid/run_nad_convos_mid_6.0MSUN_z0.0060,1893,2096
6.0,0.0065,/home/tnd/mesa-r23.05.1/STRANGE/nad_convos_mid/run_nad_convos_mid_6.0MSUN_z0.0065,1898,2100
6.0,0.0070,/home/tnd/mesa-r23.05.1/STRANGE/nad_convos_mid/run_nad_convos_mid_6.0MSUN_z0.0070,1934,2136
6.0,0.0075,/home/tnd/mesa-r23.05.1/STRANGE/nad_convos_mid/run_nad_convos_mid_6.0MSUN_z0.0075,1946,2147
6.0,0.0080,/home/tnd/mesa-r23.05.1/STRANGE/nad_convos_mid/run_nad_convos_mid_6.0MSUN_z0.0080,1970,2173
6.0,0.0085,/home/tnd/mesa-r23.05.1/STRANGE/nad_convos_mid/run_nad_convos_mid_6.0MSUN_z0.0085,1999,2198
6.0,0.0090,/home/tnd/mesa-r23.05.1/STRANGE/nad_convos_mid/run_nad_convos_mid_6.0MSUN_z0.0090,2012,2207
6.0,0.0095,/home/tnd/mesa-r23.05.1/STRANGE/nad_convos_mid/run_nad_convos_mid_6.0MSUN_z0.0095,2034,2217
6.0,0.0100,/home/tnd/mesa-r23.05.1/STRANGE/nad_convos_mid/run_nad_convos_mid_6.0MSUN_z0.0100,2076,2254
6.0,0.0105,/home/tnd/mesa-r23.05.1/STRANGE/nad_convos_mid/run_nad_convos_mid_6.0MSUN_z0.0105,2084,2255
6.0,0.0110,/home/tnd/mesa-r23.05.1/STRANGE/nad_convos_mid/run_nad_convos_mid_6.0MSUN_z0.0110,2110,2280
6.0,0.0115,/home/tnd/mesa-r23.05.1/STRANGE/nad_convos_mid/run_nad_convos_mid_6.0MSUN_z0.0115,2124,2292
6.0,0.0120,/home/tnd/mesa-r23.05.1/STRANGE/nad_convos_mid/run_nad_convos_mid_6.0MSUN_z0.0120,2143,2312
6.0,0.0125,/home/tnd/mesa-r23.05.1/STRANGE/nad_convos_mid/run_nad_convos_mid_6.0MSUN_z0.0125,2092,2266
6.0,0.0130,/home/tnd/mesa-r23.05.1/STRANGE/nad_convos_mid/run_nad_convos_mid_6.0MSUN_z0.0130,2101,2275
6.0,0.0135,/home/tnd/mesa-r23.05.1/STRANGE/nad_convos_mid/run_nad_convos_mid_6.0MSUN_z0.0135,2120,2291
6.0,0.0140,/home/tnd/mesa-r23.05.1/STRANGE/nad_convos_mid/run_nad_convos_mid_6.0MSUN_z0.0140,2125,2296
6.0,0.0145,/home/tnd/mesa-r23.05.1/STRANGE/nad_convos_mid/run_nad_convos_mid_6.0MSUN_z0.0145,2136,2310
6.0,0.0150,/home/tnd/mesa-r23.05.1/STRANGE/nad_convos_mid/run_nad_convos_mid_6.0MSUN_z0.0150,2156,2334
6.0,0.0155,/home/tnd/mesa-r23.05.1/STRANGE/nad_convos_mid/run_nad_convos_mid_6.0MSUN_z0.0155,2170,2354
6.0,0.0160,/home/tnd/mesa-r23.05.1/STRANGE/nad_convos_mid/run_nad_convos_mid_6.0MSUN_z0.0160,2178,2372
6.0,0.0165,/home/tnd/mesa-r23.05.1/STRANGE/nad_convos_mid/run_nad_convos_mid_6.0MSUN_z0.0165,2187,2377
6.0,0.0170,/home/tnd/mesa-r23.05.1/STRANGE/nad_convos_mid/run_nad_convos_mid_6.0MSUN_z0.0170,2188,2370
6.0,0.0175,/home/tnd/mesa-r23.05.1/STRANGE/nad_convos_mid/run_nad_convos_mid_6.0MSUN_z0.0175,2293,2478
6.0,0.0180,/home/tnd/mesa-r23.05.1/STRANGE/nad_convos_mid/run_nad_convos_mid_6.0MSUN_z0.0180,2303,2470
6.0,0.0185,/home/tnd/mesa-r23.05.1/STRANGE/nad_convos_mid/run_nad_convos_mid_6.0MSUN_z0.0185,2313,2468
6.0,0.0190,/home/tnd/mesa-r23.05.1/STRANGE/nad_convos_mid/run_nad_convos_mid_6.0MSUN_z0.0190,2329,2467
6.0,0.0195,/home/tnd/mesa-r23.05.1/STRANGE/nad_convos_mid/run_nad_convos_mid_6.0MSUN_z0.0195,2344,2465
6.0,0.0200,/home/tnd/mesa-r23.05.1/STRANGE/nad_convos_mid/run_nad_convos_mid_6.0MSUN_z0.0200,2364,2474
6.5,0.0015,/home/tnd/mesa-r23.05.1/STRANGE/nad_convos_mid/run_nad_convos_mid_6.5MSUN_z0.0015,1731,2010
6.5,0.0020,/home/tnd/mesa-r23.05.1/STRANGE/nad_convos_mid/run_nad_convos_mid_6.5MSUN_z0.0020,1757,1958
6.5,0.0025,/home/tnd/mesa-r23.05.1/STRANGE/nad_convos_mid/run_nad_convos_mid_6.5MSUN_z0.0025,1785,1945
6.5,0.0030,/home/tnd/mesa-r23.05.1/STRANGE/nad_convos_mid/run_nad_convos_mid_6.5MSUN_z0.0030,1809,1977
6.5,0.0035,/home/tnd/mesa-r23.05.1/STRANGE/nad_convos_mid/run_nad_convos_mid_6.5MSUN_z0.0035,1817,1978
6.5,0.0040,/home/tnd/mesa-r23.05.1/STRANGE/nad_convos_mid/run_nad_convos_mid_6.5MSUN_z0.0040,1862,2014
6.5,0.0045,/home/tnd/mesa-r23.05.1/STRANGE/nad_convos_mid/run_nad_convos_mid_6.5MSUN_z0.0045,1853,2006
6.5,0.0050,/home/tnd/mesa-r23.05.1/STRANGE/nad_convos_mid/run_nad_convos_mid_6.5MSUN_z0.0050,1875,2049
6.5,0.0055,/home/tnd/mesa-r23.05.1/STRANGE/nad_convos_mid/run_nad_convos_mid_6.5MSUN_z0.0055,1898,2098
6.5,0.0060,/home/tnd/mesa-r23.05.1/STRANGE/nad_convos_mid/run_nad_convos_mid_6.5MSUN_z0.0060,1892,2117
6.5,0.0065,/home/tnd/mesa-r23.05.1/STRANGE/nad_convos_mid/run_nad_convos_mid_6.5MSUN_z0.0065,1871,2097
6.5,0.0070,/home/tnd/mesa-r23.05.1/STRANGE/nad_convos_mid/run_nad_convos_mid_6.5MSUN_z0.0070,1904,2124
6.5,0.0075,/home/tnd/mesa-r23.05.1/STRANGE/nad_convos_mid/run_nad_convos_mid_6.5MSUN_z0.0075,1948,2181
6.5,0.0080,/home/tnd/mesa-r23.05.1/STRANGE/nad_convos_mid/run_nad_convos_mid_6.5MSUN_z0.0080,1948,2183
6.5,0.0085,/home/tnd/mesa-r23.05.1/STRANGE/nad_convos_mid/run_nad_convos_mid_6.5MSUN_z0.0085,1992,2219
6.5,0.0090,/home/tnd/mesa-r23.05.1/STRANGE/nad_convos_mid/run_nad_convos_mid_6.5MSUN_z0.0090,2004,2233
6.5,0.0095,/home/tnd/mesa-r23.05.1/STRANGE/nad_convos_mid/run_nad_convos_mid_6.5MSUN_z0.0095,2009,2228
6.5,0.0100,/home/tnd/mesa-r23.05.1/STRANGE/nad_convos_mid/run_nad_convos_mid_6.5MSUN_z0.0100,2060,2269
6.5,0.0105,/home/tnd/mesa-r23.05.1/STRANGE/nad_convos_mid/run_nad_convos_mid_6.5MSUN_z0.0105,2083,2288
6.5,0.0110,/home/tnd/mesa-r23.05.1/STRANGE/nad_convos_mid/run_nad_convos_mid_6.5MSUN_z0.0110,2103,2309
6.5,0.0115,/home/tnd/mesa-r23.05.1/STRANGE/nad_convos_mid/run_nad_convos_mid_6.5MSUN_z0.0115,2108,2302
6.5,0.0120,/home/tnd/mesa-r23.05.1/STRANGE/nad_convos_mid/run_nad_convos_mid_6.5MSUN_z0.0120,2095,2288
6.5,0.0125,/home/tnd/mesa-r23.05.1/STRANGE/nad_convos_mid/run_nad_convos_mid_6.5MSUN_z0.0125,2146,2332
6.5,0.0130,/home/tnd/mesa-r23.05.1/STRANGE/nad_convos_mid/run_nad_convos_mid_6.5MSUN_z0.0130,2099,2275
6.5,0.0135,/home/tnd/mesa-r23.05.1/STRANGE/nad_convos_mid/run_nad_convos_mid_6.5MSUN_z0.0135,2116,2297
6.5,0.0140,/home/tnd/mesa-r23.05.1/STRANGE/nad_convos_mid/run_nad_convos_mid_6.5MSUN_z0.0140,2124,2297
6.5,0.0145,/home/tnd/mesa-r23.05.1/STRANGE/nad_convos_mid/run_nad_convos_mid_6.5MSUN_z0.0145,2138,2313
6.5,0.0150,/home/tnd/mesa-r23.05.1/STRANGE/nad_convos_mid/run_nad_convos_mid_6.5MSUN_z0.0150,2142,2316
6.5,0.0155,/home/tnd/mesa-r23.05.1/STRANGE/nad_convos_mid/run_nad_convos_mid_6.5MSUN_z0.0155,2119,2293
6.5,0.0160,/home/tnd/mesa-r23.05.1/STRANGE/nad_convos_mid/run_nad_convos_mid_6.5MSUN_z0.0160,2164,2344
6.5,0.0165,/home/tnd/mesa-r23.05.1/STRANGE/nad_convos_mid/run_nad_convos_mid_6.5MSUN_z0.0165,2171,2349
6.5,0.0170,/home/tnd/mesa-r23.05.1/STRANGE/nad_convos_mid/run_nad_convos_mid_6.5MSUN_z0.0170,2184,2363
6.5,0.0175,/home/tnd/mesa-r23.05.1/STRANGE/nad_convos_mid/run_nad_convos_mid_6.5MSUN_z0.0175,2181,2356
6.5,0.0180,/home/tnd/mesa-r23.05.1/STRANGE/nad_convos_mid/run_nad_convos_mid_6.5MSUN_z0.0180,2199,2370
6.5,0.0185,/home/tnd/mesa-r23.05.1/STRANGE/nad_convos_mid/run_nad_convos_mid_6.5MSUN_z0.0185,2267,2443
6.5,0.0190,/home/tnd/mesa-r23.05.1/STRANGE/nad_convos_mid/run_nad_convos_mid_6.5MSUN_z0.0190,2280,2473
6.5,0.0195,/home/tnd/mesa-r23.05.1/STRANGE/nad_convos_mid/run_nad_convos_mid_6.5MSUN_z0.0195,2321,2500
6.5,0.0200,/home/tnd/mesa-r23.05.1/STRANGE/nad_convos_mid/run_nad_convos_mid_6.5MSUN_z0.0200,2332,2513
7.0,0.0015,/home/tnd/mesa-r23.05.1/STRANGE/nad_convos_mid/run_nad_convos_mid_7.0MSUN_z0.0015,1745,2051
7.0,0.0020,/home/tnd/mesa-r23.05.1/STRANGE/nad_convos_mid/run_nad_convos_mid_7.0MSUN_z0.0020,1774,2010
7.0,0.0025,/home/tnd/mesa-r23.05.1/STRANGE/nad_convos_mid/run_nad_convos_mid_7.0MSUN_z0.0025,1777,1939
7.0,0.0030,/home/tnd/mesa-r23.05.1/STRANGE/nad_convos_mid/run_nad_convos_mid_7.0MSUN_z0.0030,1803,1945
7.0,0.0035,/home/tnd/mesa-r23.05.1/STRANGE/nad_convos_mid/run_nad_convos_mid_7.0MSUN_z0.0035,1838,1982
7.0,0.0040,/home/tnd/mesa-r23.05.1/STRANGE/nad_convos_mid/run_nad_convos_mid_7.0MSUN_z0.0040,1868,2019
7.0,0.0045,/home/tnd/mesa-r23.05.1/STRANGE/nad_convos_mid/run_nad_convos_mid_7.0MSUN_z0.0045,1868,2035
7.0,0.0050,/home/tnd/mesa-r23.05.1/STRANGE/nad_convos_mid/run_nad_convos_mid_7.0MSUN_z0.0050,1888,2063
7.0,0.0055,/home/tnd/mesa-r23.05.1/STRANGE/nad_convos_mid/run_nad_convos_mid_7.0MSUN_z0.0055,1891,2093
7.0,0.0060,/home/tnd/mesa-r23.05.1/STRANGE/nad_convos_mid/run_nad_convos_mid_7.0MSUN_z0.0060,1867,2093
7.0,0.0065,/home/tnd/mesa-r23.05.1/STRANGE/nad_convos_mid/run_nad_convos_mid_7.0MSUN_z0.0065,1889,2133
7.0,0.0070,/home/tnd/mesa-r23.05.1/STRANGE/nad_convos_mid/run_nad_convos_mid_7.0MSUN_z0.0070,1902,2159
7.0,0.0075,/home/tnd/mesa-r23.05.1/STRANGE/nad_convos_mid/run_nad_convos_mid_7.0MSUN_z0.0075,1904,2163
7.0,0.0080,/home/tnd/mesa-r23.05.1/STRANGE/nad_convos_mid/run_nad_convos_mid_7.0MSUN_z0.0080,1957,2208
7.0,0.0085,/home/tnd/mesa-r23.05.1/STRANGE/nad_convos_mid/run_nad_convos_mid_7.0MSUN_z0.0085,1962,2219
7.0,0.0090,/home/tnd/mesa-r23.05.1/STRANGE/nad_convos_mid/run_nad_convos_mid_7.0MSUN_z0.0090,1998,2215
7.0,0.0095,/home/tnd/mesa-r23.05.1/STRANGE/nad_convos_mid/run_nad_convos_mid_7.0MSUN_z0.0095,2025,2272
7.0,0.0100,/home/tnd/mesa-r23.05.1/STRANGE/nad_convos_mid/run_nad_convos_mid_7.0MSUN_z0.0100,2013,2252
7.0,0.0105,/home/tnd/mesa-r23.05.1/STRANGE/nad_convos_mid/run_nad_convos_mid_7.0MSUN_z0.0105,2027,2267
7.0,0.0110,/home/tnd/mesa-r23.05.1/STRANGE/nad_convos_mid/run_nad_convos_mid_7.0MSUN_z0.0110,2046,2270
7.0,0.0115,/home/tnd/mesa-r23.05.1/STRANGE/nad_convos_mid/run_nad_convos_mid_7.0MSUN_z0.0115,2109,2340
7.0,0.0120,/home/tnd/mesa-r23.05.1/STRANGE/nad_convos_mid/run_nad_convos_mid_7.0MSUN_z0.0120,2106,2332
7.0,0.0125,/home/tnd/mesa-r23.05.1/STRANGE/nad_convos_mid/run_nad_convos_mid_7.0MSUN_z0.0125,2082,2305
7.0,0.0130,/home/tnd/mesa-r23.05.1/STRANGE/nad_convos_mid/run_nad_convos_mid_7.0MSUN_z0.0130,2038,2241
7.0,0.0135,/home/tnd/mesa-r23.05.1/STRANGE/nad_convos_mid/run_nad_convos_mid_7.0MSUN_z0.0135,2086,2294
7.0,0.0140,/home/tnd/mesa-r23.05.1/STRANGE/nad_convos_mid/run_nad_convos_mid_7.0MSUN_z0.0140,2061,2260
7.0,0.0145,/home/tnd/mesa-r23.05.1/STRANGE/nad_convos_mid/run_nad_convos_mid_7.0MSUN_z0.0145,2086,2286
7.0,0.0150,/home/tnd/mesa-r23.05.1/STRANGE/nad_convos_mid/run_nad_convos_mid_7.0MSUN_z0.0150,2082,2269
7.0,0.0155,/home/tnd/mesa-r23.05.1/STRANGE/nad_convos_mid/run_nad_convos_mid_7.0MSUN_z0.0155,2147,2337
7.0,0.0160,/home/tnd/mesa-r23.05.1/STRANGE/nad_convos_mid/run_nad_convos_mid_7.0MSUN_z0.0160,2162,2344
7.0,0.0165,/home/tnd/mesa-r23.05.1/STRANGE/nad_convos_mid/run_nad_convos_mid_7.0MSUN_z0.0165,2157,2337
7.0,0.0170,/home/tnd/mesa-r23.05.1/STRANGE/nad_convos_mid/run_nad_convos_mid_7.0MSUN_z0.0170,2176,2357
7.0,0.0175,/home/tnd/mesa-r23.05.1/STRANGE/nad_convos_mid/run_nad_convos_mid_7.0MSUN_z0.0175,2116,2301
7.0,0.0180,/home/tnd/mesa-r23.05.1/STRANGE/nad_convos_mid/run_nad_convos_mid_7.0MSUN_z0.0180,2193,2376
7.0,0.0185,/home/tnd/mesa-r23.05.1/STRANGE/nad_convos_mid/run_nad_convos_mid_7.0MSUN_z0.0185,2166,2344
7.0,0.0190,/home/tnd/mesa-r23.05.1/STRANGE/nad_convos_mid/run_nad_convos_mid_7.0MSUN_z0.0190,2214,2396
7.0,0.0195,/home/tnd/mesa-r23.05.1/STRANGE/nad_convos_mid/run_nad_convos_mid_7.0MSUN_z0.0195,2290,2465
7.0,0.0200,/home/tnd/mesa-r23.05.1/STRANGE/nad_convos_mid/run_nad_convos_mid_7.0MSUN_z0.0200,2309,2487
7.5,0.0015,/home/tnd/mesa-r23.05.1/STRANGE/nad_convos_mid/run_nad_convos_mid_7.5MSUN_z0.0015,1729,2018
7.5,0.0020,/home/tnd/mesa-r23.05.1/STRANGE/nad_convos_mid/run_nad_convos_mid_7.5MSUN_z0.0020,1765,2020
7.5,0.0025,/home/tnd/mesa-r23.05.1/STRANGE/nad_convos_mid/run_nad_convos_mid_7.5MSUN_z0.0025,1800,2013
7.5,0.0030,/home/tnd/mesa-r23.05.1/STRANGE/nad_convos_mid/run_nad_convos_mid_7.5MSUN_z0.0030,1825,1990
7.5,0.0035,/home/tnd/mesa-r23.05.1/STRANGE/nad_convos_mid/run_nad_convos_mid_7.5MSUN_z0.0035,1822,1959
7.5,0.0040,/home/tnd/mesa-r23.05.1/STRANGE/nad_convos_mid/run_nad_convos_mid_7.5MSUN_z0.0040,1852,2018
7.5,0.0045,/home/tnd/mesa-r23.05.1/STRANGE/nad_convos_mid/run_nad_convos_mid_7.5MSUN_z0.0045,1889,2043
7.5,0.0050,/home/tnd/mesa-r23.05.1/STRANGE/nad_convos_mid/run_nad_convos_mid_7.5MSUN_z0.0050,1857,2026
7.5,0.0055,/home/tnd/mesa-r23.05.1/STRANGE/nad_convos_mid/run_nad_convos_mid_7.5MSUN_z0.0055,1887,2102
7.5,0.0060,/home/tnd/mesa-r23.05.1/STRANGE/nad_convos_mid/run_nad_convos_mid_7.5MSUN_z0.0060,1904,2148
7.5,0.0065,/home/tnd/mesa-r23.05.1/STRANGE/nad_convos_mid/run_nad_convos_mid_7.5MSUN_z0.0065,1890,2141
7.5,0.0070,/home/tnd/mesa-r23.05.1/STRANGE/nad_convos_mid/run_nad_convos_mid_7.5MSUN_z0.0070,1929,2205
7.5,0.0075,/home/tnd/mesa-r23.05.1/STRANGE/nad_convos_mid/run_nad_convos_mid_7.5MSUN_z0.0075,1919,2189
7.5,0.0080,/home/tnd/mesa-r23.05.1/STRANGE/nad_convos_mid/run_nad_convos_mid_7.5MSUN_z0.0080,1939,2209
7.5,0.0085,/home/tnd/mesa-r23.05.1/STRANGE/nad_convos_mid/run_nad_convos_mid_7.5MSUN_z0.0085,1943,2217
7.5,0.0090,/home/tnd/mesa-r23.05.1/STRANGE/nad_convos_mid/run_nad_convos_mid_7.5MSUN_z0.0090,1991,2250
7.5,0.0095,/home/tnd/mesa-r23.05.1/STRANGE/nad_convos_mid/run_nad_convos_mid_7.5MSUN_z0.0095,2014,2279
7.5,0.0100,/home/tnd/mesa-r23.05.1/STRANGE/nad_convos_mid/run_nad_convos_mid_7.5MSUN_z0.0100,2045,2310
7.5,0.0105,/home/tnd/mesa-r23.05.1/STRANGE/nad_convos_mid/run_nad_convos_mid_7.5MSUN_z0.0105,2032,2293
7.5,0.0110,/home/tnd/mesa-r23.05.1/STRANGE/nad_convos_mid/run_nad_convos_mid_7.5MSUN_z0.0110,2047,2303
7.5,0.0120,/home/tnd/mesa-r23.05.1/STRANGE/nad_convos_mid/run_nad_convos_mid_7.5MSUN_z0.0120,2067,2311
7.5,0.0125,/home/tnd/mesa-r23.05.1/STRANGE/nad_convos_mid/run_nad_convos_mid_7.5MSUN_z0.0125,2071,2308
7.5,0.0130,/home/tnd/mesa-r23.05.1/STRANGE/nad_convos_mid/run_nad_convos_mid_7.5MSUN_z0.0130,2112,2350
7.5,0.0135,/home/tnd/mesa-r23.05.1/STRANGE/nad_convos_mid/run_nad_convos_mid_7.5MSUN_z0.0135,2062,2305
7.5,0.0140,/home/tnd/mesa-r23.05.1/STRANGE/nad_convos_mid/run_nad_convos_mid_7.5MSUN_z0.0140,2062,2288
7.5,0.0145,/home/tnd/mesa-r23.05.1/STRANGE/nad_convos_mid/run_nad_convos_mid_7.5MSUN_z0.0145,2081,2314
7.5,0.0150,/home/tnd/mesa-r23.05.1/STRANGE/nad_convos_mid/run_nad_convos_mid_7.5MSUN_z0.0150,2144,2354
7.5,0.0155,/home/tnd/mesa-r23.05.1/STRANGE/nad_convos_mid/run_nad_convos_mid_7.5MSUN_z0.0155,2101,2321
7.5,0.0160,/home/tnd/mesa-r23.05.1/STRANGE/nad_convos_mid/run_nad_convos_mid_7.5MSUN_z0.0160,2152,2371
7.5,0.0165,/home/tnd/mesa-r23.05.1/STRANGE/nad_convos_mid/run_nad_convos_mid_7.5MSUN_z0.0165,2112,2304
7.5,0.0170,/home/tnd/mesa-r23.05.1/STRANGE/nad_convos_mid/run_nad_convos_mid_7.5MSUN_z0.0170,2109,2292
7.5,0.0175,/home/tnd/mesa-r23.05.1/STRANGE/nad_convos_mid/run_nad_convos_mid_7.5MSUN_z0.0175,2170,2371
7.5,0.0180,/home/tnd/mesa-r23.05.1/STRANGE/nad_convos_mid/run_nad_convos_mid_7.5MSUN_z0.0180,2169,2368
7.5,0.0185,/home/tnd/mesa-r23.05.1/STRANGE/nad_convos_mid/run_nad_convos_mid_7.5MSUN_z0.0185,2194,2384
7.5,0.0190,/home/tnd/mesa-r23.05.1/STRANGE/nad_convos_mid/run_nad_convos_mid_7.5MSUN_z0.0190,2203,2391
7.5,0.0195,/home/tnd/mesa-r23.05.1/STRANGE/nad_convos_mid/run_nad_convos_mid_7.5MSUN_z0.0195,2220,2399
7.5,0.0200,/home/tnd/mesa-r23.05.1/STRANGE/nad_convos_mid/run_nad_convos_mid_7.5MSUN_z0.0200,2250,2432
8.0,0.0015,/home/tnd/mesa-r23.05.1/STRANGE/nad_convos_mid/run_nad_convos_mid_8.0MSUN_z0.0015,1764,2094
8.0,0.0020,/home/tnd/mesa-r23.05.1/STRANGE/nad_convos_mid/run_nad_convos_mid_8.0MSUN_z0.0020,1776,2056
8.0,0.0025,/home/tnd/mesa-r23.05.1/STRANGE/nad_convos_mid/run_nad_convos_mid_8.0MSUN_z0.0025,1795,2006
8.0,0.0030,/home/tnd/mesa-r23.05.1/STRANGE/nad_convos_mid/run_nad_convos_mid_8.0MSUN_z0.0030,1818,1992
8.0,0.0035,/home/tnd/mesa-r23.05.1/STRANGE/nad_convos_mid/run_nad_convos_mid_8.0MSUN_z0.0035,1832,1996
8.0,0.0040,/home/tnd/mesa-r23.05.1/STRANGE/nad_convos_mid/run_nad_convos_mid_8.0MSUN_z0.0040,1847,1987
8.0,0.0045,/home/tnd/mesa-r23.05.1/STRANGE/nad_convos_mid/run_nad_convos_mid_8.0MSUN_z0.0045,1866,2010
8.0,0.0050,/home/tnd/mesa-r23.05.1/STRANGE/nad_convos_mid/run_nad_convos_mid_8.0MSUN_z0.0050,1878,2046
8.0,0.0055,/home/tnd/mesa-r23.05.1/STRANGE/nad_convos_mid/run_nad_convos_mid_8.0MSUN_z0.0055,1894,2113
8.0,0.0060,/home/tnd/mesa-r23.05.1/STRANGE/nad_convos_mid/run_nad_convos_mid_8.0MSUN_z0.0060,1878,2070
8.0,0.0065,/home/tnd/mesa-r23.05.1/STRANGE/nad_convos_mid/run_nad_convos_mid_8.0MSUN_z0.0065,1889,2148
8.0,0.0070,/home/tnd/mesa-r23.05.1/STRANGE/nad_convos_mid/run_nad_convos_mid_8.0MSUN_z0.0070,1908,2194
8.0,0.0075,/home/tnd/mesa-r23.05.1/STRANGE/nad_convos_mid/run_nad_convos_mid_8.0MSUN_z0.0075,1933,2230
8.0,0.0080,/home/tnd/mesa-r23.05.1/STRANGE/nad_convos_mid/run_nad_convos_mid_8.0MSUN_z0.0080,1916,2184
8.0,0.0085,/home/tnd/mesa-r23.05.1/STRANGE/nad_convos_mid/run_nad_convos_mid_8.0MSUN_z0.0085,1940,2237
8.0,0.0090,/home/tnd/mesa-r23.05.1/STRANGE/nad_convos_mid/run_nad_convos_mid_8.0MSUN_z0.0090,1969,2267
8.0,0.0095,/home/tnd/mesa-r23.05.1/STRANGE/nad_convos_mid/run_nad_convos_mid_8.0MSUN_z0.0095,2001,2291
8.0,0.0100,/home/tnd/mesa-r23.05.1/STRANGE/nad_convos_mid/run_nad_convos_mid_8.0MSUN_z0.0100,2027,2323
8.0,0.0105,/home/tnd/mesa-r23.05.1/STRANGE/nad_convos_mid/run_nad_convos_mid_8.0MSUN_z0.0105,2060,2354
8.0,0.0110,/home/tnd/mesa-r23.05.1/STRANGE/nad_convos_mid/run_nad_convos_mid_8.0MSUN_z0.0110,2040,2318
8.0,0.0115,/home/tnd/mesa-r23.05.1/STRANGE/nad_convos_mid/run_nad_convos_mid_8.0MSUN_z0.0115,2053,2334
8.0,0.0120,/home/tnd/mesa-r23.05.1/STRANGE/nad_convos_mid/run_nad_convos_mid_8.0MSUN_z0.0120,2095,2376
8.0,0.0125,/home/tnd/mesa-r23.05.1/STRANGE/nad_convos_mid/run_nad_convos_mid_8.0MSUN_z0.0125,2075,2338
8.0,0.0130,/home/tnd/mesa-r23.05.1/STRANGE/nad_convos_mid/run_nad_convos_mid_8.0MSUN_z0.0130,2088,2344
8.0,0.0135,/home/tnd/mesa-r23.05.1/STRANGE/nad_convos_mid/run_nad_convos_mid_8.0MSUN_z0.0135,2090,2356
8.0,0.0140,/home/tnd/mesa-r23.05.1/STRANGE/nad_convos_mid/run_nad_convos_mid_8.0MSUN_z0.0140,2097,2361
8.0,0.0145,/home/tnd/mesa-r23.05.1/STRANGE/nad_convos_mid/run_nad_convos_mid_8.0MSUN_z0.0145,2104,2362
8.0,0.0150,/home/tnd/mesa-r23.05.1/STRANGE/nad_convos_mid/run_nad_convos_mid_8.0MSUN_z0.0150,2091,2344
8.0,0.0155,/home/tnd/mesa-r23.05.1/STRANGE/nad_convos_mid/run_nad_convos_mid_8.0MSUN_z0.0155,2090,2337
8.0,0.0160,/home/tnd/mesa-r23.05.1/STRANGE/nad_convos_mid/run_nad_convos_mid_8.0MSUN_z0.0160,2104,2346
8.0,0.0165,/home/tnd/mesa-r23.05.1/STRANGE/nad_convos_mid/run_nad_convos_mid_8.0MSUN_z0.0165,2111,2346
8.0,0.0170,/home/tnd/mesa-r23.05.1/STRANGE/nad_convos_mid/run_nad_convos_mid_8.0MSUN_z0.0170,2175,2409
8.0,0.0175,/home/tnd/mesa-r23.05.1/STRANGE/nad_convos_mid/run_nad_convos_mid_8.0MSUN_z0.0175,2176,2406
8.0,0.0180,/home/tnd/mesa-r23.05.1/STRANGE/nad_convos_mid/run_nad_convos_mid_8.0MSUN_z0.0180,2180,2405
8.0,0.0185,/home/tnd/mesa-r23.05.1/STRANGE/nad_convos_mid/run_nad_convos_mid_8.0MSUN_z0.0185,2175,2385
8.0,0.0190,/home/tnd/mesa-r23.05.1/STRANGE/nad_convos_mid/run_nad_convos_mid_8.0MSUN_z0.0190,2175,2391
8.0,0.0195,/home/tnd/mesa-r23.05.1/STRANGE/nad_convos_mid/run_nad_convos_mid_8.0MSUN_z0.0195,2212,2421
8.0,0.0200,/home/tnd/mesa-r23.05.1/STRANGE/nad_convos_mid/run_nad_convos_mid_8.0MSUN_z0.0200,2207,2409
8.5,0.0015,/home/tnd/mesa-r23.05.1/STRANGE/nad_convos_mid/run_nad_convos_mid_8.5MSUN_z0.0015,1755,2085
8.5,0.0020,/home/tnd/mesa-r23.05.1/STRANGE/nad_convos_mid/run_nad_convos_mid_8.5MSUN_z0.0020,1775,2044
8.5,0.0025,/home/tnd/mesa-r23.05.1/STRANGE/nad_convos_mid/run_nad_convos_mid_8.5MSUN_z0.0025,1809,2064
8.5,0.0030,/home/tnd/mesa-r23.05.1/STRANGE/nad_convos_mid/run_nad_convos_mid_8.5MSUN_z0.0030,1822,2008
8.5,0.0035,/home/tnd/mesa-r23.05.1/STRANGE/nad_convos_mid/run_nad_convos_mid_8.5MSUN_z0.0035,1847,2018
8.5,0.0040,/home/tnd/mesa-r23.05.1/STRANGE/nad_convos_mid/run_nad_convos_mid_8.5MSUN_z0.0040,1855,1992
8.5,0.0045,/home/tnd/mesa-r23.05.1/STRANGE/nad_convos_mid/run_nad_convos_mid_8.5MSUN_z0.0045,1852,2015
8.5,0.0050,/home/tnd/mesa-r23.05.1/STRANGE/nad_convos_mid/run_nad_convos_mid_8.5MSUN_z0.0050,1877,2057
8.5,0.0055,/home/tnd/mesa-r23.05.1/STRANGE/nad_convos_mid/run_nad_convos_mid_8.5MSUN_z0.0055,1875,2075
8.5,0.0060,/home/tnd/mesa-r23.05.1/STRANGE/nad_convos_mid/run_nad_convos_mid_8.5MSUN_z0.0060,1889,2128
8.5,0.0065,/home/tnd/mesa-r23.05.1/STRANGE/nad_convos_mid/run_nad_convos_mid_8.5MSUN_z0.0065,1894,2164
8.5,0.0070,/home/tnd/mesa-r23.05.1/STRANGE/nad_convos_mid/run_nad_convos_mid_8.5MSUN_z0.0070,1900,2181
8.5,0.0075,/home/tnd/mesa-r23.05.1/STRANGE/nad_convos_mid/run_nad_convos_mid_8.5MSUN_z0.0075,1932,2239
8.5,0.0080,/home/tnd/mesa-r23.05.1/STRANGE/nad_convos_mid/run_nad_convos_mid_8.5MSUN_z0.0080,1919,2221
8.5,0.0085,/home/tnd/mesa-r23.05.1/STRANGE/nad_convos_mid/run_nad_convos_mid_8.5MSUN_z0.0085,1941,2256
8.5,0.0090,/home/tnd/mesa-r23.05.1/STRANGE/nad_convos_mid/run_nad_convos_mid_8.5MSUN_z0.0090,1965,2283
8.5,0.0095,/home/tnd/mesa-r23.05.1/STRANGE/nad_convos_mid/run_nad_convos_mid_8.5MSUN_z0.0095,2028,2346
8.5,0.0100,/home/tnd/mesa-r23.05.1/STRANGE/nad_convos_mid/run_nad_convos_mid_8.5MSUN_z0.0100,1988,2290
8.5,0.0105,/home/tnd/mesa-r23.05.1/STRANGE/nad_convos_mid/run_nad_convos_mid_8.5MSUN_z0.0105,2024,2337
8.5,0.0110,/home/tnd/mesa-r23.05.1/STRANGE/nad_convos_mid/run_nad_convos_mid_8.5MSUN_z0.0110,2025,2337
8.5,0.0115,/home/tnd/mesa-r23.05.1/STRANGE/nad_convos_mid/run_nad_convos_mid_8.5MSUN_z0.0115,2058,2364
8.5,0.0120,/home/tnd/mesa-r23.05.1/STRANGE/nad_convos_mid/run_nad_convos_mid_8.5MSUN_z0.0120,2103,2400
8.5,0.0125,/home/tnd/mesa-r23.05.1/STRANGE/nad_convos_mid/run_nad_convos_mid_8.5MSUN_z0.0125,2053,2345
8.5,0.0135,/home/tnd/mesa-r23.05.1/STRANGE/nad_convos_mid/run_nad_convos_mid_8.5MSUN_z0.0135,2056,2332
8.5,0.0140,/home/tnd/mesa-r23.05.1/STRANGE/nad_convos_mid/run_nad_convos_mid_8.5MSUN_z0.0140,2096,2386
8.5,0.0145,/home/tnd/mesa-r23.05.1/STRANGE/nad_convos_mid/run_nad_convos_mid_8.5MSUN_z0.0145,2116,2398
8.5,0.0150,/home/tnd/mesa-r23.05.1/STRANGE/nad_convos_mid/run_nad_convos_mid_8.5MSUN_z0.0150,2092,2364
8.5,0.0155,/home/tnd/mesa-r23.05.1/STRANGE/nad_convos_mid/run_nad_convos_mid_8.5MSUN_z0.0155,2085,2356
8.5,0.0160,/home/tnd/mesa-r23.05.1/STRANGE/nad_convos_mid/run_nad_convos_mid_8.5MSUN_z0.0160,2143,2410
8.5,0.0165,/home/tnd/mesa-r23.05.1/STRANGE/nad_convos_mid/run_nad_convos_mid_8.5MSUN_z0.0165,2149,2415
8.5,0.0170,/home/tnd/mesa-r23.05.1/STRANGE/nad_convos_mid/run_nad_convos_mid_8.5MSUN_z0.0170,2146,2406
8.5,0.0175,/home/tnd/mesa-r23.05.1/STRANGE/nad_convos_mid/run_nad_convos_mid_8.5MSUN_z0.0175,2158,2413
8.5,0.0180,/home/tnd/mesa-r23.05.1/STRANGE/nad_convos_mid/run_nad_convos_mid_8.5MSUN_z0.0180,2183,2435
8.5,0.0185,/home/tnd/mesa-r23.05.1/STRANGE/nad_convos_mid/run_nad_convos_mid_8.5MSUN_z0.0185,2163,2400
8.5,0.0190,/home/tnd/mesa-r23.05.1/STRANGE/nad_convos_mid/run_nad_convos_mid_8.5MSUN_z0.0190,2192,2428
8.5,0.0195,/home/tnd/mesa-r23.05.1/STRANGE/nad_convos_mid/run_nad_convos_mid_8.5MSUN_z0.0195,2202,2437
8.5,0.0200,/home/tnd/mesa-r23.05.1/STRANGE/nad_convos_mid/run_nad_convos_mid_8.5MSUN_z0.0200,2207,2433
9.0,0.0015,/home/tnd/mesa-r23.05.1/STRANGE/nad_convos_mid/run_nad_convos_mid_9.0MSUN_z0.0015,1763,2103
9.0,0.0020,/home/tnd/mesa-r23.05.1/STRANGE/nad_convos_mid/run_nad_convos_mid_9.0MSUN_z0.0020,1792,2095
9.0,0.0025,/home/tnd/mesa-r23.05.1/STRANGE/nad_convos_mid/run_nad_convos_mid_9.0MSUN_z0.0025,1815,2066
9.0,0.0030,/home/tnd/mesa-r23.05.1/STRANGE/nad_convos_mid/run_nad_convos_mid_9.0MSUN_z0.0030,1822,2034
9.0,0.0035,/home/tnd/mesa-r23.05.1/STRANGE/nad_convos_mid/run_nad_convos_mid_9.0MSUN_z0.0035,1857,2045
9.0,0.0055,/home/tnd/mesa-r23.05.1/STRANGE/nad_convos_mid/run_nad_convos_mid_9.0MSUN_z0.0055,1896,2080
9.0,0.0060,/home/tnd/mesa-r23.05.1/STRANGE/nad_convos_mid/run_nad_convos_mid_9.0MSUN_z0.0060,1907,2145
9.0,0.0065,/home/tnd/mesa-r23.05.1/STRANGE/nad_convos_mid/run_nad_convos_mid_9.0MSUN_z0.0065,1938,2201
9.0,0.0070,/home/tnd/mesa-r23.05.1/STRANGE/nad_convos_mid/run_nad_convos_mid_9.0MSUN_z0.0070,1911,2177
9.0,0.0075,/home/tnd/mesa-r23.05.1/STRANGE/nad_convos_mid/run_nad_convos_mid_9.0MSUN_z0.0075,1931,2241
9.0,0.0080,/home/tnd/mesa-r23.05.1/STRANGE/nad_convos_mid/run_nad_convos_mid_9.0MSUN_z0.0080,1927,2210
9.0,0.0085,/home/tnd/mesa-r23.05.1/STRANGE/nad_convos_mid/run_nad_convos_mid_9.0MSUN_z0.0085,1968,2291
9.0,0.0090,/home/tnd/mesa-r23.05.1/STRANGE/nad_convos_mid/run_nad_convos_mid_9.0MSUN_z0.0090,1968,2286
9.0,0.0095,/home/tnd/mesa-r23.05.1/STRANGE/nad_convos_mid/run_nad_convos_mid_9.0MSUN_z0.0095,1999,2333
9.0,0.0100,/home/tnd/mesa-r23.05.1/STRANGE/nad_convos_mid/run_nad_convos_mid_9.0MSUN_z0.0100,1997,2330
9.0,0.0110,/home/tnd/mesa-r23.05.1/STRANGE/nad_convos_mid/run_nad_convos_mid_9.0MSUN_z0.0110,2026,2335
9.0,0.0115,/home/tnd/mesa-r23.05.1/STRANGE/nad_convos_mid/run_nad_convos_mid_9.0MSUN_z0.0115,2023,2320
9.0,0.0120,/home/tnd/mesa-r23.05.1/STRANGE/nad_convos_mid/run_nad_convos_mid_9.0MSUN_z0.0120,2056,2368
9.0,0.0125,/home/tnd/mesa-r23.05.1/STRANGE/nad_convos_mid/run_nad_convos_mid_9.0MSUN_z0.0125,2090,2410
9.0,0.0130,/home/tnd/mesa-r23.05.1/STRANGE/nad_convos_mid/run_nad_convos_mid_9.0MSUN_z0.0130,2075,2380
9.0,0.0135,/home/tnd/mesa-r23.05.1/STRANGE/nad_convos_mid/run_nad_convos_mid_9.0MSUN_z0.0135,2068,2350
9.0,0.0140,/home/tnd/mesa-r23.05.1/STRANGE/nad_convos_mid/run_nad_convos_mid_9.0MSUN_z0.0140,2054,2352
9.0,0.0145,/home/tnd/mesa-r23.05.1/STRANGE/nad_convos_mid/run_nad_convos_mid_9.0MSUN_z0.0145,2084,2384
9.0,0.0150,/home/tnd/mesa-r23.05.1/STRANGE/nad_convos_mid/run_nad_convos_mid_9.0MSUN_z0.0150,2131,2429
9.0,0.0155,/home/tnd/mesa-r23.05.1/STRANGE/nad_convos_mid/run_nad_convos_mid_9.0MSUN_z0.0155,2101,2391
9.0,0.0160,/home/tnd/mesa-r23.05.1/STRANGE/nad_convos_mid/run_nad_convos_mid_9.0MSUN_z0.0160,2103,2389
9.0,0.0165,/home/tnd/mesa-r23.05.1/STRANGE/nad_convos_mid/run_nad_convos_mid_9.0MSUN_z0.0165,2152,2434
9.0,0.0170,/home/tnd/mesa-r23.05.1/STRANGE/nad_convos_mid/run_nad_convos_mid_9.0MSUN_z0.0170,2096,2361
9.0,0.0175,/home/tnd/mesa-r23.05.1/STRANGE/nad_convos_mid/run_nad_convos_mid_9.0MSUN_z0.0175,2169,2446
9.0,0.0180,/home/tnd/mesa-r23.05.1/STRANGE/nad_convos_mid/run_nad_convos_mid_9.0MSUN_z0.0180,2147,2421
9.0,0.0185,/home/tnd/mesa-r23.05.1/STRANGE/nad_convos_mid/run_nad_convos_mid_9.0MSUN_z0.0185,2137,2384
9.0,0.0190,/home/tnd/mesa-r23.05.1/STRANGE/nad_convos_mid/run_nad_convos_mid_9.0MSUN_z0.0190,2157,2416
9.0,0.0195,/home/tnd/mesa-r23.05.1/STRANGE/nad_convos_mid/run_nad_convos_mid_9.0MSUN_z0.0195,2193,2447
9.0,0.0200,/home/tnd/mesa-r23.05.1/STRANGE/nad_convos_mid/run_nad_convos_mid_9.0MSUN_z0.0200,2199,2452
9.5,0.0015,/home/tnd/mesa-r23.05.1/STRANGE/nad_convos_mid/run_nad_convos_mid_9.5MSUN_z0.0015,1757,2137
9.5,0.0020,/home/tnd/mesa-r23.05.1/STRANGE/nad_convos_mid/run_nad_convos_mid_9.5MSUN_z0.0020,1796,2094
9.5,0.0025,/home/tnd/mesa-r23.05.1/STRANGE/nad_convos_mid/run_nad_convos_mid_9.5MSUN_z0.0025,1828,2089
9.5,0.0030,/home/tnd/mesa-r23.05.1/STRANGE/nad_convos_mid/run_nad_convos_mid_9.5MSUN_z0.0030,1838,2060
9.5,0.0070,/home/tnd/mesa-r23.05.1/STRANGE/nad_convos_mid/run_nad_convos_mid_9.5MSUN_z0.0070,1933,2214
9.5,0.0075,/home/tnd/mesa-r23.05.1/STRANGE/nad_convos_mid/run_nad_convos_mid_9.5MSUN_z0.0075,1957,2248
9.5,0.0080,/home/tnd/mesa-r23.05.1/STRANGE/nad_convos_mid/run_nad_convos_mid_9.5MSUN_z0.0080,1939,2246
9.5,0.0085,/home/tnd/mesa-r23.05.1/STRANGE/nad_convos_mid/run_nad_convos_mid_9.5MSUN_z0.0085,1947,2257
9.5,0.0090,/home/tnd/mesa-r23.05.1/STRANGE/nad_convos_mid/run_nad_convos_mid_9.5MSUN_z0.0090,1967,2287
9.5,0.0095,/home/tnd/mesa-r23.05.1/STRANGE/nad_convos_mid/run_nad_convos_mid_9.5MSUN_z0.0095,1996,2318
9.5,0.0100,/home/tnd/mesa-r23.05.1/STRANGE/nad_convos_mid/run_nad_convos_mid_9.5MSUN_z0.0100,1999,2332
9.5,0.0105,/home/tnd/mesa-r23.05.1/STRANGE/nad_convos_mid/run_nad_convos_mid_9.5MSUN_z0.0105,2005,2344
9.5,0.0110,/home/tnd/mesa-r23.05.1/STRANGE/nad_convos_mid/run_nad_convos_mid_9.5MSUN_z0.0110,2017,2348
9.5,0.0115,/home/tnd/mesa-r23.05.1/STRANGE/nad_convos_mid/run_nad_convos_mid_9.5MSUN_z0.0115,2039,2378
9.5,0.0120,/home/tnd/mesa-r23.05.1/STRANGE/nad_convos_mid/run_nad_convos_mid_9.5MSUN_z0.0120,2048,2381
9.5,0.0125,/home/tnd/mesa-r23.05.1/STRANGE/nad_convos_mid/run_nad_convos_mid_9.5MSUN_z0.0125,2057,2386
9.5,0.0130,/home/tnd/mesa-r23.05.1/STRANGE/nad_convos_mid/run_nad_convos_mid_9.5MSUN_z0.0130,2070,2389
9.5,0.0135,/home/tnd/mesa-r23.05.1/STRANGE/nad_convos_mid/run_nad_convos_mid_9.5MSUN_z0.0135,2083,2404
9.5,0.0140,/home/tnd/mesa-r23.05.1/STRANGE/nad_convos_mid/run_nad_convos_mid_9.5MSUN_z0.0140,2095,2413
9.5,0.0145,/home/tnd/mesa-r23.05.1/STRANGE/nad_convos_mid/run_nad_convos_mid_9.5MSUN_z0.0145,2087,2403
9.5,0.0150,/home/tnd/mesa-r23.05.1/STRANGE/nad_convos_mid/run_nad_convos_mid_9.5MSUN_z0.0150,2105,2420
9.5,0.0155,/home/tnd/mesa-r23.05.1/STRANGE/nad_convos_mid/run_nad_convos_mid_9.5MSUN_z0.0155,2114,2422
9.5,0.0160,/home/tnd/mesa-r23.05.1/STRANGE/nad_convos_mid/run_nad_convos_mid_9.5MSUN_z0.0160,2120,2427
9.5,0.0165,/home/tnd/mesa-r23.05.1/STRANGE/nad_convos_mid/run_nad_convos_mid_9.5MSUN_z0.0165,2143,2443
9.5,0.0170,/home/tnd/mesa-r23.05.1/STRANGE/nad_convos_mid/run_nad_convos_mid_9.5MSUN_z0.0170,2112,2401
9.5,0.0175,/home/tnd/mesa-r23.05.1/STRANGE/nad_convos_mid/run_nad_convos_mid_9.5MSUN_z0.0175,2156,2447
9.5,0.0180,/home/tnd/mesa-r23.05.1/STRANGE/nad_convos_mid/run_nad_convos_mid_9.5MSUN_z0.0180,2150,2441
9.5,0.0185,/home/tnd/mesa-r23.05.1/STRANGE/nad_convos_mid/run_nad_convos_mid_9.5MSUN_z0.0185,2171,2455
9.5,0.0190,/home/tnd/mesa-r23.05.1/STRANGE/nad_convos_mid/run_nad_convos_mid_9.5MSUN_z0.0190,2185,2460
9.5,0.0195,/home/tnd/mesa-r23.05.1/STRANGE/nad_convos_mid/run_nad_convos_mid_9.5MSUN_z0.0195,2167,2445
9.5,0.0200,/home/tnd/mesa-r23.05.1/STRANGE/nad_convos_mid/run_nad_convos_mid_9.5MSUN_z0.0200,2136,2407
10.0,0.0015,/home/tnd/mesa-r23.05.1/STRANGE/nad_convos_mid/run_nad_convos_mid_10.0MSUN_z0.0015,1758,2123
10.0,0.0020,/home/tnd/mesa-r23.05.1/STRANGE/nad_convos_mid/run_nad_convos_mid_10.0MSUN_z0.0020,1789,2116
10.0,0.0025,/home/tnd/mesa-r23.05.1/STRANGE/nad_convos_mid/run_nad_convos_mid_10.0MSUN_z0.0025,1828,2115
10.0,0.0030,/home/tnd/mesa-r23.05.1/STRANGE/nad_convos_mid/run_nad_convos_mid_10.0MSUN_z0.0030,1852,2061
10.0,0.0085,/home/tnd/mesa-r23.05.1/STRANGE/nad_convos_mid/run_nad_convos_mid_10.0MSUN_z0.0085,1946,2232
10.0,0.0090,/home/tnd/mesa-r23.05.1/STRANGE/nad_convos_mid/run_nad_convos_mid_10.0MSUN_z0.0090,1983,2283
10.0,0.0095,/home/tnd/mesa-r23.05.1/STRANGE/nad_convos_mid/run_nad_convos_mid_10.0MSUN_z0.0095,1971,2294
10.0,0.0100,/home/tnd/mesa-r23.05.1/STRANGE/nad_convos_mid/run_nad_convos_mid_10.0MSUN_z0.0100,2005,2334
10.0,0.0105,/home/tnd/mesa-r23.05.1/STRANGE/nad_convos_mid/run_nad_convos_mid_10.0MSUN_z0.0105,2024,2361
10.0,0.0110,/home/tnd/mesa-r23.05.1/STRANGE/nad_convos_mid/run_nad_convos_mid_10.0MSUN_z0.0110,2034,2367
10.0,0.0115,/home/tnd/mesa-r23.05.1/STRANGE/nad_convos_mid/run_nad_convos_mid_10.0MSUN_z0.0115,2028,2352
10.0,0.0120,/home/tnd/mesa-r23.05.1/STRANGE/nad_convos_mid/run_nad_convos_mid_10.0MSUN_z0.0120,2043,2368
10.0,0.0125,/home/tnd/mesa-r23.05.1/STRANGE/nad_convos_mid/run_nad_convos_mid_10.0MSUN_z0.0125,2077,2415
10.0,0.0130,/home/tnd/mesa-r23.05.1/STRANGE/nad_convos_mid/run_nad_convos_mid_10.0MSUN_z0.0130,2091,2427
10.0,0.0135,/home/tnd/mesa-r23.05.1/STRANGE/nad_convos_mid/run_nad_convos_mid_10.0MSUN_z0.0135,2081,2396
10.0,0.0140,/home/tnd/mesa-r23.05.1/STRANGE/nad_convos_mid/run_nad_convos_mid_10.0MSUN_z0.0140,2067,2388
10.0,0.0145,/home/tnd/mesa-r23.05.1/STRANGE/nad_convos_mid/run_nad_convos_mid_10.0MSUN_z0.0145,2100,2429
10.0,0.0150,/home/tnd/mesa-r23.05.1/STRANGE/nad_convos_mid/run_nad_convos_mid_10.0MSUN_z0.0150,2103,2424
10.0,0.0155,/home/tnd/mesa-r23.05.1/STRANGE/nad_convos_mid/run_nad_convos_mid_10.0MSUN_z0.0155,2079,2387
10.0,0.0160,/home/tnd/mesa-r23.05.1/STRANGE/nad_convos_mid/run_nad_convos_mid_10.0MSUN_z0.0160,2104,2423
10.0,0.0165,/home/tnd/mesa-r23.05.1/STRANGE/nad_convos_mid/run_nad_convos_mid_10.0MSUN_z0.0165,2129,2444
10.0,0.0170,/home/tnd/mesa-r23.05.1/STRANGE/nad_convos_mid/run_nad_convos_mid_10.0MSUN_z0.0170,2147,2457
10.0,0.0175,/home/tnd/mesa-r23.05.1/STRANGE/nad_convos_mid/run_nad_convos_mid_10.0MSUN_z0.0175,2144,2450
10.0,0.0180,/home/tnd/mesa-r23.05.1/STRANGE/nad_convos_mid/run_nad_convos_mid_10.0MSUN_z0.0180,2132,2435
10.0,0.0185,/home/tnd/mesa-r23.05.1/STRANGE/nad_convos_mid/run_nad_convos_mid_10.0MSUN_z0.0185,2174,2475
10.0,0.0190,/home/tnd/mesa-r23.05.1/STRANGE/nad_convos_mid/run_nad_convos_mid_10.0MSUN_z0.0190,2177,2465
10.0,0.0195,/home/tnd/mesa-r23.05.1/STRANGE/nad_convos_mid/run_nad_convos_mid_10.0MSUN_z0.0195,2194,2485
10.0,0.0200,/home/tnd/mesa-r23.05.1/STRANGE/nad_convos_mid/run_nad_convos_mid_10.0MSUN_z0.0200,2205,2488
10.5,0.0015,/home/tnd/mesa-r23.05.1/STRANGE/nad_convos_mid/run_nad_convos_mid_10.5MSUN_z0.0015,1759,2144
10.5,0.0020,/home/tnd/mesa-r23.05.1/STRANGE/nad_convos_mid/run_nad_convos_mid_10.5MSUN_z0.0020,1789,2108
10.5,0.0025,/home/tnd/mesa-r23.05.1/STRANGE/nad_convos_mid/run_nad_convos_mid_10.5MSUN_z0.0025,1815,2090
10.5,0.0135,/home/tnd/mesa-r23.05.1/STRANGE/nad_convos_mid/run_nad_convos_mid_10.5MSUN_z0.0135,2087,2400
10.5,0.0140,/home/tnd/mesa-r23.05.1/STRANGE/nad_convos_mid/run_nad_convos_mid_10.5MSUN_z0.0140,2117,2434
10.5,0.0145,/home/tnd/mesa-r23.05.1/STRANGE/nad_convos_mid/run_nad_convos_mid_10.5MSUN_z0.0145,2075,2394
10.5,0.0150,/home/tnd/mesa-r23.05.1/STRANGE/nad_convos_mid/run_nad_convos_mid_10.5MSUN_z0.0150,2083,2367
10.5,0.0155,/home/tnd/mesa-r23.05.1/STRANGE/nad_convos_mid/run_nad_convos_mid_10.5MSUN_z0.0155,2128,2446
10.5,0.0160,/home/tnd/mesa-r23.05.1/STRANGE/nad_convos_mid/run_nad_convos_mid_10.5MSUN_z0.0160,2098,2415
10.5,0.0165,/home/tnd/mesa-r23.05.1/STRANGE/nad_convos_mid/run_nad_convos_mid_10.5MSUN_z0.0165,2091,2398
10.5,0.0170,/home/tnd/mesa-r23.05.1/STRANGE/nad_convos_mid/run_nad_convos_mid_10.5MSUN_z0.0170,2106,2393
10.5,0.0175,/home/tnd/mesa-r23.05.1/STRANGE/nad_convos_mid/run_nad_convos_mid_10.5MSUN_z0.0175,2143,2452
10.5,0.0180,/home/tnd/mesa-r23.05.1/STRANGE/nad_convos_mid/run_nad_convos_mid_10.5MSUN_z0.0180,2128,2431
10.5,0.0185,/home/tnd/mesa-r23.05.1/STRANGE/nad_convos_mid/run_nad_convos_mid_10.5MSUN_z0.0185,2128,2418
10.5,0.0190,/home/tnd/mesa-r23.05.1/STRANGE/nad_convos_mid/run_nad_convos_mid_10.5MSUN_z0.0190,2136,2431
10.5,0.0195,/home/tnd/mesa-r23.05.1/STRANGE/nad_convos_mid/run_nad_convos_mid_10.5MSUN_z0.0195,2166,2464
10.5,0.0200,/home/tnd/mesa-r23.05.1/STRANGE/nad_convos_mid/run_nad_convos_mid_10.5MSUN_z0.0200,2185,2482
