initial_mass,initial_Z,mesa_run_directory,min_model_number,max_model_number
3.0,0.0015,/home/tnd/mesa-r23.05.1/STRANGE/nad_convos_high/run_nad_convos_high_3.0MSUN_z0.0015,1842,1967
3.0,0.0020,/home/tnd/mesa-r23.05.1/STRANGE/nad_convos_high/run_nad_convos_high_3.0MSUN_z0.0020,1902,2036
3.0,0.0025,/home/tnd/mesa-r23.05.1/STRANGE/nad_convos_high/run_nad_convos_high_3.0MSUN_z0.0025,1935,2006
3.5,0.0015,/home/tnd/mesa-r23.05.1/STRANGE/nad_convos_high/run_nad_convos_high_3.5MSUN_z0.0015,1828,1925
3.5,0.0020,/home/tnd/mesa-r23.05.1/STRANGE/nad_convos_high/run_nad_convos_high_3.5MSUN_z0.0020,1869,1993
3.5,0.0025,/home/tnd/mesa-r23.05.1/STRANGE/nad_convos_high/run_nad_convos_high_3.5MSUN_z0.0025,1906,2028
3.5,0.0030,/home/tnd/mesa-r23.05.1/STRANGE/nad_convos_high/run_nad_convos_high_3.5MSUN_z0.0030,1922,2027
3.5,0.0035,/home/tnd/mesa-r23.05.1/STRANGE/nad_convos_high/run_nad_convos_high_3.5MSUN_z0.0035,1968,2045
3.5,0.0040,/home/tnd/mesa-r23.05.1/STRANGE/nad_convos_high/run_nad_convos_high_3.5MSUN_z0.0040,1993,2005
4.0,0.0015,/home/tnd/mesa-r23.05.1/STRANGE/nad_convos_high/run_nad_convos_high_4.0MSUN_z0.0015,1800,1912
4.0,0.0020,/home/tnd/mesa-r23.05.1/STRANGE/nad_convos_high/run_nad_convos_high_4.0MSUN_z0.0020,1845,1891
4.0,0.0025,/home/tnd/mesa-r23.05.1/STRANGE/nad_convos_high/run_nad_convos_high_4.0MSUN_z0.0025,1873,1956
4.0,0.0030,/home/tnd/mesa-r23.05.1/STRANGE/nad_convos_high/run_nad_convos_high_4.0MSUN_z0.0030,1904,2030
4.0,0.0035,/home/tnd/mesa-r23.05.1/STRANGE/nad_convos_high/run_nad_convos_high_4.0MSUN_z0.0035,1933,2051
4.0,0.0040,/home/tnd/mesa-r23.05.1/STRANGE/nad_convos_high/run_nad_convos_high_4.0MSUN_z0.0040,1966,2079
4.0,0.0045,/home/tnd/mesa-r23.05.1/STRANGE/nad_convos_high/run_nad_convos_high_4.0MSUN_z0.0045,1985,2081
4.0,0.0050,/home/tnd/mesa-r23.05.1/STRANGE/nad_convos_high/run_nad_convos_high_4.0MSUN_z0.0050,1992,2082
4.0,0.0055,/home/tnd/mesa-r23.05.1/STRANGE/nad_convos_high/run_nad_convos_high_4.0MSUN_z0.0055,2003,2059
4.0,0.0060,/home/tnd/mesa-r23.05.1/STRANGE/nad_convos_high/run_nad_convos_high_4.0MSUN_z0.0060,2023,2044
4.5,0.0015,/home/tnd/mesa-r23.05.1/STRANGE/nad_convos_high/run_nad_convos_high_4.5MSUN_z0.0015,1797,1971
4.5,0.0020,/home/tnd/mesa-r23.05.1/STRANGE/nad_convos_high/run_nad_convos_high_4.5MSUN_z0.0020,1833,1884
4.5,0.0025,/home/tnd/mesa-r23.05.1/STRANGE/nad_convos_high/run_nad_convos_high_4.5MSUN_z0.0025,1854,1898
4.5,0.0030,/home/tnd/mesa-r23.05.1/STRANGE/nad_convos_high/run_nad_convos_high_4.5MSUN_z0.0030,1874,1956
4.5,0.0035,/home/tnd/mesa-r23.05.1/STRANGE/nad_convos_high/run_nad_convos_high_4.5MSUN_z0.0035,1893,2023
4.5,0.0040,/home/tnd/mesa-r23.05.1/STRANGE/nad_convos_high/run_nad_convos_high_4.5MSUN_z0.0040,1935,2047
4.5,0.0045,/home/tnd/mesa-r23.05.1/STRANGE/nad_convos_high/run_nad_convos_high_4.5MSUN_z0.0045,1950,2066
4.5,0.0050,/home/tnd/mesa-r23.05.1/STRANGE/nad_convos_high/run_nad_convos_high_4.5MSUN_z0.0050,1958,2067
4.5,0.0060,/home/tnd/mesa-r23.05.1/STRANGE/nad_convos_high/run_nad_convos_high_4.5MSUN_z0.0060,1986,2102
4.5,0.0065,/home/tnd/mesa-r23.05.1/STRANGE/nad_convos_high/run_nad_convos_high_4.5MSUN_z0.0065,1999,2109
4.5,0.0070,/home/tnd/mesa-r23.05.1/STRANGE/nad_convos_high/run_nad_convos_high_4.5MSUN_z0.0070,2034,2120
4.5,0.0075,/home/tnd/mesa-r23.05.1/STRANGE/nad_convos_high/run_nad_convos_high_4.5MSUN_z0.0075,2061,2128
4.5,0.0080,/home/tnd/mesa-r23.05.1/STRANGE/nad_convos_high/run_nad_convos_high_4.5MSUN_z0.0080,2089,2123
5.0,0.0015,/home/tnd/mesa-r23.05.1/STRANGE/nad_convos_high/run_nad_convos_high_5.0MSUN_z0.0015,1784,1953
5.0,0.0020,/home/tnd/mesa-r23.05.1/STRANGE/nad_convos_high/run_nad_convos_high_5.0MSUN_z0.0020,1816,1902
5.0,0.0025,/home/tnd/mesa-r23.05.1/STRANGE/nad_convos_high/run_nad_convos_high_5.0MSUN_z0.0025,1844,1887
5.0,0.0030,/home/tnd/mesa-r23.05.1/STRANGE/nad_convos_high/run_nad_convos_high_5.0MSUN_z0.0030,1861,1905
5.0,0.0035,/home/tnd/mesa-r23.05.1/STRANGE/nad_convos_high/run_nad_convos_high_5.0MSUN_z0.0035,1881,1967
5.0,0.0040,/home/tnd/mesa-r23.05.1/STRANGE/nad_convos_high/run_nad_convos_high_5.0MSUN_z0.0040,1904,2037
5.0,0.0045,/home/tnd/mesa-r23.05.1/STRANGE/nad_convos_high/run_nad_convos_high_5.0MSUN_z0.0045,1925,2056
5.0,0.0050,/home/tnd/mesa-r23.05.1/STRANGE/nad_convos_high/run_nad_convos_high_5.0MSUN_z0.0050,1935,2067
5.0,0.0055,/home/tnd/mesa-r23.05.1/STRANGE/nad_convos_high/run_nad_convos_high_5.0MSUN_z0.0055,1946,2069
5.0,0.0060,/home/tnd/mesa-r23.05.1/STRANGE/nad_convos_high/run_nad_convos_high_5.0MSUN_z0.0060,1961,2081
5.0,0.0065,/home/tnd/mesa-r23.05.1/STRANGE/nad_convos_high/run_nad_convos_high_5.0MSUN_z0.0065,1974,2093
5.0,0.0070,/home/tnd/mesa-r23.05.1/STRANGE/nad_convos_high/run_nad_convos_high_5.0MSUN_z0.0070,1999,2113
5.0,0.0075,/home/tnd/mesa-r23.05.1/STRANGE/nad_convos_high/run_nad_convos_high_5.0MSUN_z0.0075,2026,2137
5.0,0.0080,/home/tnd/mesa-r23.05.1/STRANGE/nad_convos_high/run_nad_convos_high_5.0MSUN_z0.0080,2038,2153
5.0,0.0085,/home/tnd/mesa-r23.05.1/STRANGE/nad_convos_high/run_nad_convos_high_5.0MSUN_z0.0085,2067,2173
5.0,0.0090,/home/tnd/mesa-r23.05.1/STRANGE/nad_convos_high/run_nad_convos_high_5.0MSUN_z0.0090,2109,2196
5.0,0.0095,/home/tnd/mesa-r23.05.1/STRANGE/nad_convos_high/run_nad_convos_high_5.0MSUN_z0.0095,2130,2197
5.0,0.0100,/home/tnd/mesa-r23.05.1/STRANGE/nad_convos_high/run_nad_convos_high_5.0MSUN_z0.0100,2153,2192
5.0,0.0105,/home/tnd/mesa-r23.05.1/STRANGE/nad_convos_high/run_nad_convos_high_5.0MSUN_z0.0105,2150,2168
5.5,0.0015,/home/tnd/mesa-r23.05.1/STRANGE/nad_convos_high/run_nad_convos_high_5.5MSUN_z0.0015,1775,1940
5.5,0.0020,/home/tnd/mesa-r23.05.1/STRANGE/nad_convos_high/run_nad_convos_high_5.5MSUN_z0.0020,1812,1947
5.5,0.0025,/home/tnd/mesa-r23.05.1/STRANGE/nad_convos_high/run_nad_convos_high_5.5MSUN_z0.0025,1833,1881
5.5,0.0030,/home/tnd/mesa-r23.05.1/STRANGE/nad_convos_high/run_nad_convos_high_5.5MSUN_z0.0030,1845,1878
5.5,0.0035,/home/tnd/mesa-r23.05.1/STRANGE/nad_convos_high/run_nad_convos_high_5.5MSUN_z0.0035,1872,1932
5.5,0.0040,/home/tnd/mesa-r23.05.1/STRANGE/nad_convos_high/run_nad_convos_high_5.5MSUN_z0.0040,1897,2007
5.5,0.0045,/home/tnd/mesa-r23.05.1/STRANGE/nad_convos_high/run_nad_convos_high_5.5MSUN_z0.0045,1907,2032
5.5,0.0050,/home/tnd/mesa-r23.05.1/STRANGE/nad_convos_high/run_nad_convos_high_5.5MSUN_z0.0050,1923,2056
5.5,0.0055,/home/tnd/mesa-r23.05.1/STRANGE/nad_convos_high/run_nad_convos_high_5.5MSUN_z0.0055,1940,2083
5.5,0.0060,/home/tnd/mesa-r23.05.1/STRANGE/nad_convos_high/run_nad_convos_high_5.5MSUN_z0.0060,1947,2095
5.5,0.0065,/home/tnd/mesa-r23.05.1/STRANGE/nad_convos_high/run_nad_convos_high_5.5MSUN_z0.0065,1956,2100
5.5,0.0070,/home/tnd/mesa-r23.05.1/STRANGE/nad_convos_high/run_nad_convos_high_5.5MSUN_z0.0070,1980,2113
5.5,0.0075,/home/tnd/mesa-r23.05.1/STRANGE/nad_convos_high/run_nad_convos_high_5.5MSUN_z0.0075,2001,2131
5.5,0.0080,/home/tnd/mesa-r23.05.1/STRANGE/nad_convos_high/run_nad_convos_high_5.5MSUN_z0.0080,2026,2151
5.5,0.0085,/home/tnd/mesa-r23.05.1/STRANGE/nad_convos_high/run_nad_convos_high_5.5MSUN_z0.0085,2050,2172
5.5,0.0090,/home/tnd/mesa-r23.05.1/STRANGE/nad_convos_high/run_nad_convos_high_5.5MSUN_z0.0090,2063,2175
5.5,0.0095,/home/tnd/mesa-r23.05.1/STRANGE/nad_convos_high/run_nad_convos_high_5.5MSUN_z0.0095,2088,2193
5.5,0.0100,/home/tnd/mesa-r23.05.1/STRANGE/nad_convos_high/run_nad_convos_high_5.5MSUN_z0.0100,2134,2243
5.5,0.0105,/home/tnd/mesa-r23.05.1/STRANGE/nad_convos_high/run_nad_convos_high_5.5MSUN_z0.0105,2148,2253
5.5,0.0110,/home/tnd/mesa-r23.05.1/STRANGE/nad_convos_high/run_nad_convos_high_5.5MSUN_z0.0110,2124,2219
5.5,0.0115,/home/tnd/mesa-r23.05.1/STRANGE/nad_convos_high/run_nad_convos_high_5.5MSUN_z0.0115,2127,2208
5.5,0.0120,/home/tnd/mesa-r23.05.1/STRANGE/nad_convos_high/run_nad_convos_high_5.5MSUN_z0.0120,2140,2203
5.5,0.0125,/home/tnd/mesa-r23.05.1/STRANGE/nad_convos_high/run_nad_convos_high_5.5MSUN_z0.0125,2166,2214
5.5,0.0130,/home/tnd/mesa-r23.05.1/STRANGE/nad_convos_high/run_nad_convos_high_5.5MSUN_z0.0130,2165,2193
5.5,0.0135,/home/tnd/mesa-r23.05.1/STRANGE/nad_convos_high/run_nad_convos_high_5.5MSUN_z0.0135,2182,2200
5.5,0.0140,/home/tnd/mesa-r23.05.1/STRANGE/nad_convos_high/run_nad_convos_high_5.5MSUN_z0.0140,2196,2200
6.0,0.0015,/home/tnd/mesa-r23.05.1/STRANGE/nad_convos_high/run_nad_convos_high_6.0MSUN_z0.0015,1775,1942
6.0,0.0020,/home/tnd/mesa-r23.05.1/STRANGE/nad_convos_high/run_nad_convos_high_6.0MSUN_z0.0020,1803,1974
6.0,0.0025,/home/tnd/mesa-r23.05.1/STRANGE/nad_convos_high/run_nad_convos_high_6.0MSUN_z0.0025,1830,1918
6.0,0.0030,/home/tnd/mesa-r23.05.1/STRANGE/nad_convos_high/run_nad_convos_high_6.0MSUN_z0.0030,1848,1871
6.0,0.0035,/home/tnd/mesa-r23.05.1/STRANGE/nad_convos_high/run_nad_convos_high_6.0MSUN_z0.0035,1867,1910
6.0,0.0040,/home/tnd/mesa-r23.05.1/STRANGE/nad_convos_high/run_nad_convos_high_6.0MSUN_z0.0040,1886,1973
6.0,0.0045,/home/tnd/mesa-r23.05.1/STRANGE/nad_convos_high/run_nad_convos_high_6.0MSUN_z0.0045,1901,2037
6.0,0.0050,/home/tnd/mesa-r23.05.1/STRANGE/nad_convos_high/run_nad_convos_high_6.0MSUN_z0.0050,1910,2047
6.0,0.0055,/home/tnd/mesa-r23.05.1/STRANGE/nad_convos_high/run_nad_convos_high_6.0MSUN_z0.0055,1932,2084
6.0,0.0060,/home/tnd/mesa-r23.05.1/STRANGE/nad_convos_high/run_nad_convos_high_6.0MSUN_z0.0060,1929,2083
6.0,0.0065,/home/tnd/mesa-r23.05.1/STRANGE/nad_convos_high/run_nad_convos_high_6.0MSUN_z0.0065,1957,2107
6.0,0.0070,/home/tnd/mesa-r23.05.1/STRANGE/nad_convos_high/run_nad_convos_high_6.0MSUN_z0.0070,1970,2132
6.0,0.0075,/home/tnd/mesa-r23.05.1/STRANGE/nad_convos_high/run_nad_convos_high_6.0MSUN_z0.0075,1974,2133
6.0,0.0080,/home/tnd/mesa-r23.05.1/STRANGE/nad_convos_high/run_nad_convos_high_6.0MSUN_z0.0080,2004,2155
6.0,0.0085,/home/tnd/mesa-r23.05.1/STRANGE/nad_convos_high/run_nad_convos_high_6.0MSUN_z0.0085,2039,2187
6.0,0.0090,/home/tnd/mesa-r23.05.1/STRANGE/nad_convos_high/run_nad_convos_high_6.0MSUN_z0.0090,2064,2201
6.0,0.0095,/home/tnd/mesa-r23.05.1/STRANGE/nad_convos_high/run_nad_convos_high_6.0MSUN_z0.0095,2070,2204
6.0,0.0100,/home/tnd/mesa-r23.05.1/STRANGE/nad_convos_high/run_nad_convos_high_6.0MSUN_z0.0100,2085,2214
6.0,0.0105,/home/tnd/mesa-r23.05.1/STRANGE/nad_convos_high/run_nad_convos_high_6.0MSUN_z0.0105,2100,2225
6.0,0.0110,/home/tnd/mesa-r23.05.1/STRANGE/nad_convos_high/run_nad_convos_high_6.0MSUN_z0.0110,2135,2253
6.0,0.0115,/home/tnd/mesa-r23.05.1/STRANGE/nad_convos_high/run_nad_convos_high_6.0MSUN_z0.0115,2117,2231
6.0,0.0120,/home/tnd/mesa-r23.05.1/STRANGE/nad_convos_high/run_nad_convos_high_6.0MSUN_z0.0120,2136,2250
6.0,0.0125,/home/tnd/mesa-r23.05.1/STRANGE/nad_convos_high/run_nad_convos_high_6.0MSUN_z0.0125,2139,2249
6.0,0.0130,/home/tnd/mesa-r23.05.1/STRANGE/nad_convos_high/run_nad_convos_high_6.0MSUN_z0.0130,2142,2245
6.0,0.0135,/home/tnd/mesa-r23.05.1/STRANGE/nad_convos_high/run_nad_convos_high_6.0MSUN_z0.0135,2167,2258
6.0,0.0140,/home/tnd/mesa-r23.05.1/STRANGE/nad_convos_high/run_nad_convos_high_6.0MSUN_z0.0140,2167,2252
6.0,0.0145,/home/tnd/mesa-r23.05.1/STRANGE/nad_convos_high/run_nad_convos_high_6.0MSUN_z0.0145,2175,2245
6.0,0.0150,/home/tnd/mesa-r23.05.1/STRANGE/nad_convos_high/run_nad_convos_high_6.0MSUN_z0.0150,2184,2233
6.0,0.0155,/home/tnd/mesa-r23.05.1/STRANGE/nad_convos_high/run_nad_convos_high_6.0MSUN_z0.0155,2211,2249
6.0,0.0160,/home/tnd/mesa-r23.05.1/STRANGE/nad_convos_high/run_nad_convos_high_6.0MSUN_z0.0160,2213,2238
6.0,0.0165,/home/tnd/mesa-r23.05.1/STRANGE/nad_convos_high/run_nad_convos_high_6.0MSUN_z0.0165,2221,2233
6.5,0.0015,/home/tnd/mesa-r23.05.1/STRANGE/nad_convos_high/run_nad_convos_high_6.5MSUN_z0.0015,1769,1942
6.5,0.0020,/home/tnd/mesa-r23.05.1/STRANGE/nad_convos_high/run_nad_convos_high_6.5MSUN_z0.0020,1806,1977
6.5,0.0025,/home/tnd/mesa-r23.05.1/STRANGE/nad_convos_high/run_nad_convos_high_6.5MSUN_z0.0025,1836,1940
6.5,0.0030,/home/tnd/mesa-r23.05.1/STRANGE/nad_convos_high/run_nad_convos_high_6.5MSUN_z0.0030,1848,1903
6.5,0.0035,/home/tnd/mesa-r23.05.1/STRANGE/nad_convos_high/run_nad_convos_high_6.5MSUN_z0.0035,1860,1895
6.5,0.0040,/home/tnd/mesa-r23.05.1/STRANGE/nad_convos_high/run_nad_convos_high_6.5MSUN_z0.0040,1884,1932
6.5,0.0045,/home/tnd/mesa-r23.05.1/STRANGE/nad_convos_high/run_nad_convos_high_6.5MSUN_z0.0045,1896,2010
6.5,0.0050,/home/tnd/mesa-r23.05.1/STRANGE/nad_convos_high/run_nad_convos_high_6.5MSUN_z0.0050,1906,2044
6.5,0.0055,/home/tnd/mesa-r23.05.1/STRANGE/nad_convos_high/run_nad_convos_high_6.5MSUN_z0.0055,1931,2074
6.5,0.0060,/home/tnd/mesa-r23.05.1/STRANGE/nad_convos_high/run_nad_convos_high_6.5MSUN_z0.0060,1928,2070
6.5,0.0065,/home/tnd/mesa-r23.05.1/STRANGE/nad_convos_high/run_nad_convos_high_6.5MSUN_z0.0065,1933,2097
6.5,0.0070,/home/tnd/mesa-r23.05.1/STRANGE/nad_convos_high/run_nad_convos_high_6.5MSUN_z0.0070,1972,2135
6.5,0.0075,/home/tnd/mesa-r23.05.1/STRANGE/nad_convos_high/run_nad_convos_high_6.5MSUN_z0.0075,1981,2140
6.5,0.0080,/home/tnd/mesa-r23.05.1/STRANGE/nad_convos_high/run_nad_convos_high_6.5MSUN_z0.0080,1992,2169
6.5,0.0085,/home/tnd/mesa-r23.05.1/STRANGE/nad_convos_high/run_nad_convos_high_6.5MSUN_z0.0085,2024,2200
6.5,0.0090,/home/tnd/mesa-r23.05.1/STRANGE/nad_convos_high/run_nad_convos_high_6.5MSUN_z0.0090,2037,2206
6.5,0.0095,/home/tnd/mesa-r23.05.1/STRANGE/nad_convos_high/run_nad_convos_high_6.5MSUN_z0.0095,2064,2220
6.5,0.0100,/home/tnd/mesa-r23.05.1/STRANGE/nad_convos_high/run_nad_convos_high_6.5MSUN_z0.0100,2090,2241
6.5,0.0105,/home/tnd/mesa-r23.05.1/STRANGE/nad_convos_high/run_nad_convos_high_6.5MSUN_z0.0105,2085,2235
6.5,0.0110,/home/tnd/mesa-r23.05.1/STRANGE/nad_convos_high/run_nad_convos_high_6.5MSUN_z0.0110,2104,2246
6.5,0.0115,/home/tnd/mesa-r23.05.1/STRANGE/nad_convos_high/run_nad_convos_high_6.5MSUN_z0.0115,2128,2271
6.5,0.0120,/home/tnd/mesa-r23.05.1/STRANGE/nad_convos_high/run_nad_convos_high_6.5MSUN_z0.0120,2113,2241
6.5,0.0125,/home/tnd/mesa-r23.05.1/STRANGE/nad_convos_high/run_nad_convos_high_6.5MSUN_z0.0125,2130,2258
6.5,0.0130,/home/tnd/mesa-r23.05.1/STRANGE/nad_convos_high/run_nad_convos_high_6.5MSUN_z0.0130,2139,2261
6.5,0.0135,/home/tnd/mesa-r23.05.1/STRANGE/nad_convos_high/run_nad_convos_high_6.5MSUN_z0.0135,2160,2278
6.5,0.0140,/home/tnd/mesa-r23.05.1/STRANGE/nad_convos_high/run_nad_convos_high_6.5MSUN_z0.0140,2149,2261
6.5,0.0145,/home/tnd/mesa-r23.05.1/STRANGE/nad_convos_high/run_nad_convos_high_6.5MSUN_z0.0145,2187,2293
6.5,0.0150,/home/tnd/mesa-r23.05.1/STRANGE/nad_convos_high/run_nad_convos_high_6.5MSUN_z0.0150,2179,2284
6.5,0.0155,/home/tnd/mesa-r23.05.1/STRANGE/nad_convos_high/run_nad_convos_high_6.5MSUN_z0.0155,2185,2283
6.5,0.0160,/home/tnd/mesa-r23.05.1/STRANGE/nad_convos_high/run_nad_convos_high_6.5MSUN_z0.0160,2184,2267
6.5,0.0165,/home/tnd/mesa-r23.05.1/STRANGE/nad_convos_high/run_nad_convos_high_6.5MSUN_z0.0165,2206,2281
6.5,0.0170,/home/tnd/mesa-r23.05.1/STRANGE/nad_convos_high/run_nad_convos_high_6.5MSUN_z0.0170,2224,2287
6.5,0.0175,/home/tnd/mesa-r23.05.1/STRANGE/nad_convos_high/run_nad_convos_high_6.5MSUN_z0.0175,2219,2268
6.5,0.0180,/home/tnd/mesa-r23.05.1/STRANGE/nad_convos_high/run_nad_convos_high_6.5MSUN_z0.0180,2235,2272
6.5,0.0185,/home/tnd/mesa-r23.05.1/STRANGE/nad_convos_high/run_nad_convos_high_6.5MSUN_z0.0185,2251,2277
6.5,0.0190,/home/tnd/mesa-r23.05.1/STRANGE/nad_convos_high/run_nad_convos_high_6.5MSUN_z0.0190,2282,2295
7.0,0.0015,/home/tnd/mesa-r23.05.1/STRANGE/nad_convos_high/run_nad_convos_high_7.0MSUN_z0.0015,1773,1970
7.0,0.0020,/home/tnd/mesa-r23.05.1/STRANGE/nad_convos_high/run_nad_convos_high_7.0MSUN_z0.0020,1809,1958
7.0,0.0025,/home/tnd/mesa-r23.05.1/STRANGE/nad_convos_high/run_nad_convos_high_7.0MSUN_z0.0025,1831,1989
7.0,0.0030,/home/tnd/mesa-r23.05.1/STRANGE/nad_convos_high/run_nad_convos_high_7.0MSUN_z0.0030,1843,1898
7.0,0.0035,/home/tnd/mesa-r23.05.1/STRANGE/nad_convos_high/run_nad_convos_high_7.0MSUN_z0.0035,1873,1888
7.0,0.0040,/home/tnd/mesa-r23.05.1/STRANGE/nad_convos_high/run_nad_convos_high_7.0MSUN_z0.0040,1903,1930
7.0,0.0045,/home/tnd/mesa-r23.05.1/STRANGE/nad_convos_high/run_nad_convos_high_7.0MSUN_z0.0045,1894,1965
7.0,0.0050,/home/tnd/mesa-r23.05.1/STRANGE/nad_convos_high/run_nad_convos_high_7.0MSUN_z0.0050,1907,2036
7.0,0.0055,/home/tnd/mesa-r23.05.1/STRANGE/nad_convos_high/run_nad_convos_high_7.0MSUN_z0.0055,1929,2082
7.0,0.0060,/home/tnd/mesa-r23.05.1/STRANGE/nad_convos_high/run_nad_convos_high_7.0MSUN_z0.0060,1925,2072
7.0,0.0065,/home/tnd/mesa-r23.05.1/STRANGE/nad_convos_high/run_nad_convos_high_7.0MSUN_z0.0065,1944,2112
7.0,0.0070,/home/tnd/mesa-r23.05.1/STRANGE/nad_convos_high/run_nad_convos_high_7.0MSUN_z0.0070,1946,2128
7.0,0.0075,/home/tnd/mesa-r23.05.1/STRANGE/nad_convos_high/run_nad_convos_high_7.0MSUN_z0.0075,1977,2170
7.0,0.0080,/home/tnd/mesa-r23.05.1/STRANGE/nad_convos_high/run_nad_convos_high_7.0MSUN_z0.0080,2004,2178
7.0,0.0085,/home/tnd/mesa-r23.05.1/STRANGE/nad_convos_high/run_nad_convos_high_7.0MSUN_z0.0085,2004,2200
7.0,0.0090,/home/tnd/mesa-r23.05.1/STRANGE/nad_convos_high/run_nad_convos_high_7.0MSUN_z0.0090,2033,2225
7.0,0.0095,/home/tnd/mesa-r23.05.1/STRANGE/nad_convos_high/run_nad_convos_high_7.0MSUN_z0.0095,2041,2227
7.0,0.0100,/home/tnd/mesa-r23.05.1/STRANGE/nad_convos_high/run_nad_convos_high_7.0MSUN_z0.0100,2076,2255
7.0,0.0105,/home/tnd/mesa-r23.05.1/STRANGE/nad_convos_high/run_nad_convos_high_7.0MSUN_z0.0105,2084,2255
7.0,0.0110,/home/tnd/mesa-r23.05.1/STRANGE/nad_convos_high/run_nad_convos_high_7.0MSUN_z0.0110,2102,2276
7.0,0.0115,/home/tnd/mesa-r23.05.1/STRANGE/nad_convos_high/run_nad_convos_high_7.0MSUN_z0.0115,2103,2267
7.0,0.0120,/home/tnd/mesa-r23.05.1/STRANGE/nad_convos_high/run_nad_convos_high_7.0MSUN_z0.0120,2097,2262
7.0,0.0125,/home/tnd/mesa-r23.05.1/STRANGE/nad_convos_high/run_nad_convos_high_7.0MSUN_z0.0125,2118,2274
7.0,0.0130,/home/tnd/mesa-r23.05.1/STRANGE/nad_convos_high/run_nad_convos_high_7.0MSUN_z0.0130,2131,2277
7.0,0.0135,/home/tnd/mesa-r23.05.1/STRANGE/nad_convos_high/run_nad_convos_high_7.0MSUN_z0.0135,2131,2272
7.0,0.0140,/home/tnd/mesa-r23.05.1/STRANGE/nad_convos_high/run_nad_convos_high_7.0MSUN_z0.0140,2148,2287
7.0,0.0145,/home/tnd/mesa-r23.05.1/STRANGE/nad_convos_high/run_nad_convos_high_7.0MSUN_z0.0145,2150,2281
7.0,0.0150,/home/tnd/mesa-r23.05.1/STRANGE/nad_convos_high/run_nad_convos_high_7.0MSUN_z0.0150,2172,2301
7.0,0.0155,/home/tnd/mesa-r23.05.1/STRANGE/nad_convos_high/run_nad_convos_high_7.0MSUN_z0.0155,2176,2299
7.0,0.0160,/home/tnd/mesa-r23.05.1/STRANGE/nad_convos_high/run_nad_convos_high_7.0MSUN_z0.0160,2184,2302
7.0,0.0165,/home/tnd/mesa-r23.05.1/STRANGE/nad_convos_high/run_nad_convos_high_7.0MSUN_z0.0165,2184,2294
7.0,0.0170,/home/tnd/mesa-r23.05.1/STRANGE/nad_convos_high/run_nad_convos_high_7.0MSUN_z0.0170,2204,2309
7.0,0.0175,/home/tnd/mesa-r23.05.1/STRANGE/nad_convos_high/run_nad_convos_high_7.0MSUN_z0.0175,2210,2308
7.0,0.0180,/home/tnd/mesa-r23.05.1/STRANGE/nad_convos_high/run_nad_convos_high_7.0MSUN_z0.0180,2239,2325
7.0,0.0185,/home/tnd/mesa-r23.05.1/STRANGE/nad_convos_high/run_nad_convos_high_7.0MSUN_z0.0185,2241,2316
7.0,0.0190,/home/tnd/mesa-r23.05.1/STRANGE/nad_convos_high/run_nad_convos_high_7.0MSUN_z0.0190,2241,2304
7.0,0.0195,/home/tnd/mesa-r23.05.1/STRANGE/nad_convos_high/run_nad_convos_high_7.0MSUN_z0.0195,2277,2331
7.0,0.0200,/home/tnd/mesa-r23.05.1/STRANGE/nad_convos_high/run_nad_convos_high_7.0MSUN_z0.0200,2265,2305
7.5,0.0015,/home/tnd/mesa-r23.05.1/STRANGE/nad_convos_high/run_nad_convos_high_7.5MSUN_z0.0015,1771,1985
7.5,0.0020,/home/tnd/mesa-r23.05.1/STRANGE/nad_convos_high/run_nad_convos_high_7.5MSUN_z0.0020,1795,1955
7.5,0.0025,/home/tnd/mesa-r23.05.1/STRANGE/nad_convos_high/run_nad_convos_high_7.5MSUN_z0.0025,1837,1998
7.5,0.0030,/home/tnd/mesa-r23.05.1/STRANGE/nad_convos_high/run_nad_convos_high_7.5MSUN_z0.0030,1862,1929
7.5,0.0045,/home/tnd/mesa-r23.05.1/STRANGE/nad_convos_high/run_nad_convos_high_7.5MSUN_z0.0045,1911,1945
7.5,0.0050,/home/tnd/mesa-r23.05.1/STRANGE/nad_convos_high/run_nad_convos_high_7.5MSUN_z0.0050,1916,1987
7.5,0.0055,/home/tnd/mesa-r23.05.1/STRANGE/nad_convos_high/run_nad_convos_high_7.5MSUN_z0.0055,1928,2063
7.5,0.0060,/home/tnd/mesa-r23.05.1/STRANGE/nad_convos_high/run_nad_convos_high_7.5MSUN_z0.0060,1935,2083
7.5,0.0065,/home/tnd/mesa-r23.05.1/STRANGE/nad_convos_high/run_nad_convos_high_7.5MSUN_z0.0065,1948,2096
7.5,0.0070,/home/tnd/mesa-r23.05.1/STRANGE/nad_convos_high/run_nad_convos_high_7.5MSUN_z0.0070,1954,2121
7.5,0.0075,/home/tnd/mesa-r23.05.1/STRANGE/nad_convos_high/run_nad_convos_high_7.5MSUN_z0.0075,1971,2164
7.5,0.0080,/home/tnd/mesa-r23.05.1/STRANGE/nad_convos_high/run_nad_convos_high_7.5MSUN_z0.0080,1999,2200
7.5,0.0085,/home/tnd/mesa-r23.05.1/STRANGE/nad_convos_high/run_nad_convos_high_7.5MSUN_z0.0085,1988,2194
7.5,0.0090,/home/tnd/mesa-r23.05.1/STRANGE/nad_convos_high/run_nad_convos_high_7.5MSUN_z0.0090,2020,2227
7.5,0.0095,/home/tnd/mesa-r23.05.1/STRANGE/nad_convos_high/run_nad_convos_high_7.5MSUN_z0.0095,2045,2254
7.5,0.0100,/home/tnd/mesa-r23.05.1/STRANGE/nad_convos_high/run_nad_convos_high_7.5MSUN_z0.0100,2052,2247
7.5,0.0105,/home/tnd/mesa-r23.05.1/STRANGE/nad_convos_high/run_nad_convos_high_7.5MSUN_z0.0105,2076,2278
7.5,0.0110,/home/tnd/mesa-r23.05.1/STRANGE/nad_convos_high/run_nad_convos_high_7.5MSUN_z0.0110,2091,2290
7.5,0.0115,/home/tnd/mesa-r23.05.1/STRANGE/nad_convos_high/run_nad_convos_high_7.5MSUN_z0.0115,2096,2290
7.5,0.0120,/home/tnd/mesa-r23.05.1/STRANGE/nad_convos_high/run_nad_convos_high_7.5MSUN_z0.0120,2088,2276
7.5,0.0125,/home/tnd/mesa-r23.05.1/STRANGE/nad_convos_high/run_nad_convos_high_7.5MSUN_z0.0125,2103,2282
7.5,0.0130,/home/tnd/mesa-r23.05.1/STRANGE/nad_convos_high/run_nad_convos_high_7.5MSUN_z0.0130,2127,2303
7.5,0.0135,/home/tnd/mesa-r23.05.1/STRANGE/nad_convos_high/run_nad_convos_high_7.5MSUN_z0.0135,2123,2294
7.5,0.0140,/home/tnd/mesa-r23.05.1/STRANGE/nad_convos_high/run_nad_convos_high_7.5MSUN_z0.0140,2139,2306
7.5,0.0145,/home/tnd/mesa-r23.05.1/STRANGE/nad_convos_high/run_nad_convos_high_7.5MSUN_z0.0145,2165,2328
7.5,0.0150,/home/tnd/mesa-r23.05.1/STRANGE/nad_convos_high/run_nad_convos_high_7.5MSUN_z0.0150,2170,2325
7.5,0.0155,/home/tnd/mesa-r23.05.1/STRANGE/nad_convos_high/run_nad_convos_high_7.5MSUN_z0.0155,2179,2329
7.5,0.0160,/home/tnd/mesa-r23.05.1/STRANGE/nad_convos_high/run_nad_convos_high_7.5MSUN_z0.0160,2190,2329
7.5,0.0165,/home/tnd/mesa-r23.05.1/STRANGE/nad_convos_high/run_nad_convos_high_7.5MSUN_z0.0165,2190,2322
7.5,0.0170,/home/tnd/mesa-r23.05.1/STRANGE/nad_convos_high/run_nad_convos_high_7.5MSUN_z0.0170,2188,2317
7.5,0.0175,/home/tnd/mesa-r23.05.1/STRANGE/nad_convos_high/run_nad_convos_high_7.5MSUN_z0.0175,2218,2337
7.5,0.0180,/home/tnd/mesa-r23.05.1/STRANGE/nad_convos_high/run_nad_convos_high_7.5MSUN_z0.0180,2211,2325
7.5,0.0185,/home/tnd/mesa-r23.05.1/STRANGE/nad_convos_high/run_nad_convos_high_7.5MSUN_z0.0185,2218,2326
7.5,0.0190,/home/tnd/mesa-r23.05.1/STRANGE/nad_convos_high/run_nad_convos_high_7.5MSUN_z0.0190,2236,2337
7.5,0.0195,/home/tnd/mesa-r23.05.1/STRANGE/nad_convos_high/run_nad_convos_high_7.5MSUN_z0.0195,2247,2340
7.5,0.0200,/home/tnd/mesa-r23.05.1/STRANGE/nad_convos_high/run_nad_convos_high_7.5MSUN_z0.0200,2269,2358
8.0,0.0015,/home/tnd/mesa-r23.05.1/STRANGE/nad_convos_high/run_nad_convos_high_8.0MSUN_z0.0015,1783,2022
8.0,0.0020,/home/tnd/mesa-r23.05.1/STRANGE/nad_convos_high/run_nad_convos_high_8.0MSUN_z0.0020,1809,1951
8.0,0.0025,/home/tnd/mesa-r23.05.1/STRANGE/nad_convos_high/run_nad_convos_high_8.0MSUN_z0.0025,1828,1966
8.0,0.0060,/home/tnd/mesa-r23.05.1/STRANGE/nad_convos_high/run_nad_convos_high_8.0MSUN_z0.0060,1934,2046
8.0,0.0065,/home/tnd/mesa-r23.05.1/STRANGE/nad_convos_high/run_nad_convos_high_8.0MSUN_z0.0065,1951,2078
8.0,0.0070,/home/tnd/mesa-r23.05.1/STRANGE/nad_convos_high/run_nad_convos_high_8.0MSUN_z0.0070,1962,2127
8.0,0.0075,/home/tnd/mesa-r23.05.1/STRANGE/nad_convos_high/run_nad_convos_high_8.0MSUN_z0.0075,1963,2118
8.0,0.0080,/home/tnd/mesa-r23.05.1/STRANGE/nad_convos_high/run_nad_convos_high_8.0MSUN_z0.0080,1980,2180
8.0,0.0085,/home/tnd/mesa-r23.05.1/STRANGE/nad_convos_high/run_nad_convos_high_8.0MSUN_z0.0085,1986,2193
8.0,0.0090,/home/tnd/mesa-r23.05.1/STRANGE/nad_convos_high/run_nad_convos_high_8.0MSUN_z0.0090,2023,2238
8.0,0.0095,/home/tnd/mesa-r23.05.1/STRANGE/nad_convos_high/run_nad_convos_high_8.0MSUN_z0.0095,2019,2234
8.0,0.0100,/home/tnd/mesa-r23.05.1/STRANGE/nad_convos_high/run_nad_convos_high_8.0MSUN_z0.0100,2075,2295
8.0,0.0105,/home/tnd/mesa-r23.05.1/STRANGE/nad_convos_high/run_nad_convos_high_8.0MSUN_z0.0105,2055,2269
8.0,0.0110,/home/tnd/mesa-r23.05.1/STRANGE/nad_convos_high/run_nad_convos_high_8.0MSUN_z0.0110,2098,2313
8.0,0.0115,/home/tnd/mesa-r23.05.1/STRANGE/nad_convos_high/run_nad_convos_high_8.0MSUN_z0.0115,2106,2318
8.0,0.0120,/home/tnd/mesa-r23.05.1/STRANGE/nad_convos_high/run_nad_convos_high_8.0MSUN_z0.0120,2106,2315
8.0,0.0125,/home/tnd/mesa-r23.05.1/STRANGE/nad_convos_high/run_nad_convos_high_8.0MSUN_z0.0125,2076,2279
8.0,0.0130,/home/tnd/mesa-r23.05.1/STRANGE/nad_convos_high/run_nad_convos_high_8.0MSUN_z0.0130,2122,2316
8.0,0.0135,/home/tnd/mesa-r23.05.1/STRANGE/nad_convos_high/run_nad_convos_high_8.0MSUN_z0.0135,2103,2295
8.0,0.0140,/home/tnd/mesa-r23.05.1/STRANGE/nad_convos_high/run_nad_convos_high_8.0MSUN_z0.0140,2143,2335
8.0,0.0145,/home/tnd/mesa-r23.05.1/STRANGE/nad_convos_high/run_nad_convos_high_8.0MSUN_z0.0145,2149,2330
8.0,0.0150,/home/tnd/mesa-r23.05.1/STRANGE/nad_convos_high/run_nad_convos_high_8.0MSUN_z0.0150,2151,2331
8.0,0.0155,/home/tnd/mesa-r23.05.1/STRANGE/nad_convos_high/run_nad_convos_high_8.0MSUN_z0.0155,2165,2338
8.0,0.0160,/home/tnd/mesa-r23.05.1/STRANGE/nad_convos_high/run_nad_convos_high_8.0MSUN_z0.0160,2179,2342
8.0,0.0165,/home/tnd/mesa-r23.05.1/STRANGE/nad_convos_high/run_nad_convos_high_8.0MSUN_z0.0165,2164,2323
8.0,0.0170,/home/tnd/mesa-r23.05.1/STRANGE/nad_convos_high/run_nad_convos_high_8.0MSUN_z0.0170,2194,2349
8.0,0.0175,/home/tnd/mesa-r23.05.1/STRANGE/nad_convos_high/run_nad_convos_high_8.0MSUN_z0.0175,2198,2344
8.0,0.0180,/home/tnd/mesa-r23.05.1/STRANGE/nad_convos_high/run_nad_convos_high_8.0MSUN_z0.0180,2209,2351
8.0,0.0185,/home/tnd/mesa-r23.05.1/STRANGE/nad_convos_high/run_nad_convos_high_8.0MSUN_z0.0185,2212,2349
8.0,0.0190,/home/tnd/mesa-r23.05.1/STRANGE/nad_convos_high/run_nad_convos_high_8.0MSUN_z0.0190,2228,2358
8.0,0.0195,/home/tnd/mesa-r23.05.1/STRANGE/nad_convos_high/run_nad_convos_high_8.0MSUN_z0.0195,2221,2341
8.0,0.0200,/home/tnd/mesa-r23.05.1/STRANGE/nad_convos_high/run_nad_convos_high_8.0MSUN_z0.0200,2228,2345
8.5,0.0015,/home/tnd/mesa-r23.05.1/STRANGE/nad_convos_high/run_nad_convos_high_8.5MSUN_z0.0015,1778,2033
8.5,0.0020,/home/tnd/mesa-r23.05.1/STRANGE/nad_convos_high/run_nad_convos_high_8.5MSUN_z0.0020,1812,1983
8.5,0.0025,/home/tnd/mesa-r23.05.1/STRANGE/nad_convos_high/run_nad_convos_high_8.5MSUN_z0.0025,1843,1994
8.5,0.0075,/home/tnd/mesa-r23.05.1/STRANGE/nad_convos_high/run_nad_convos_high_8.5MSUN_z0.0075,1982,2122
8.5,0.0080,/home/tnd/mesa-r23.05.1/STRANGE/nad_convos_high/run_nad_convos_high_8.5MSUN_z0.0080,1984,2130
8.5,0.0085,/home/tnd/mesa-r23.05.1/STRANGE/nad_convos_high/run_nad_convos_high_8.5MSUN_z0.0085,2005,2171
8.5,0.0090,/home/tnd/mesa-r23.05.1/STRANGE/nad_convos_high/run_nad_convos_high_8.5MSUN_z0.0090,2011,2210
8.5,0.0095,/home/tnd/mesa-r23.05.1/STRANGE/nad_convos_high/run_nad_convos_high_8.5MSUN_z0.0095,2049,2260
8.5,0.0100,/home/tnd/mesa-r23.05.1/STRANGE/nad_convos_high/run_nad_convos_high_8.5MSUN_z0.0100,2063,2264
8.5,0.0105,/home/tnd/mesa-r23.05.1/STRANGE/nad_convos_high/run_nad_convos_high_8.5MSUN_z0.0105,2075,2292
8.5,0.0110,/home/tnd/mesa-r23.05.1/STRANGE/nad_convos_high/run_nad_convos_high_8.5MSUN_z0.0110,2081,2299
8.5,0.0115,/home/tnd/mesa-r23.05.1/STRANGE/nad_convos_high/run_nad_convos_high_8.5MSUN_z0.0115,2091,2311
8.5,0.0120,/home/tnd/mesa-r23.05.1/STRANGE/nad_convos_high/run_nad_convos_high_8.5MSUN_z0.0120,2115,2335
8.5,0.0125,/home/tnd/mesa-r23.05.1/STRANGE/nad_convos_high/run_nad_convos_high_8.5MSUN_z0.0125,2112,2330
8.5,0.0130,/home/tnd/mesa-r23.05.1/STRANGE/nad_convos_high/run_nad_convos_high_8.5MSUN_z0.0130,2112,2328
8.5,0.0135,/home/tnd/mesa-r23.05.1/STRANGE/nad_convos_high/run_nad_convos_high_8.5MSUN_z0.0135,2122,2330
8.5,0.0140,/home/tnd/mesa-r23.05.1/STRANGE/nad_convos_high/run_nad_convos_high_8.5MSUN_z0.0140,2127,2337
8.5,0.0145,/home/tnd/mesa-r23.05.1/STRANGE/nad_convos_high/run_nad_convos_high_8.5MSUN_z0.0145,2135,2335
8.5,0.0150,/home/tnd/mesa-r23.05.1/STRANGE/nad_convos_high/run_nad_convos_high_8.5MSUN_z0.0150,2157,2359
8.5,0.0155,/home/tnd/mesa-r23.05.1/STRANGE/nad_convos_high/run_nad_convos_high_8.5MSUN_z0.0155,2153,2344
8.5,0.0160,/home/tnd/mesa-r23.05.1/STRANGE/nad_convos_high/run_nad_convos_high_8.5MSUN_z0.0160,2170,2359
8.5,0.0165,/home/tnd/mesa-r23.05.1/STRANGE/nad_convos_high/run_nad_convos_high_8.5MSUN_z0.0165,2168,2352
8.5,0.0170,/home/tnd/mesa-r23.05.1/STRANGE/nad_convos_high/run_nad_convos_high_8.5MSUN_z0.0170,2178,2347
8.5,0.0175,/home/tnd/mesa-r23.05.1/STRANGE/nad_convos_high/run_nad_convos_high_8.5MSUN_z0.0175,2197,2368
8.5,0.0180,/home/tnd/mesa-r23.05.1/STRANGE/nad_convos_high/run_nad_convos_high_8.5MSUN_z0.0180,2210,2377
8.5,0.0185,/home/tnd/mesa-r23.05.1/STRANGE/nad_convos_high/run_nad_convos_high_8.5MSUN_z0.0185,2211,2361
8.5,0.0190,/home/tnd/mesa-r23.05.1/STRANGE/nad_convos_high/run_nad_convos_high_8.5MSUN_z0.0190,2224,2371
8.5,0.0195,/home/tnd/mesa-r23.05.1/STRANGE/nad_convos_high/run_nad_convos_high_8.5MSUN_z0.0195,2225,2371
8.5,0.0200,/home/tnd/mesa-r23.05.1/STRANGE/nad_convos_high/run_nad_convos_high_8.5MSUN_z0.0200,2235,2374
9.0,0.0015,/home/tnd/mesa-r23.05.1/STRANGE/nad_convos_high/run_nad_convos_high_9.0MSUN_z0.0015,1807,2039
9.0,0.0020,/home/tnd/mesa-r23.05.1/STRANGE/nad_convos_high/run_nad_convos_high_9.0MSUN_z0.0020,1808,1980
9.0,0.0025,/home/tnd/mesa-r23.05.1/STRANGE/nad_convos_high/run_nad_convos_high_9.0MSUN_z0.0025,1855,1969
9.0,0.0095,/home/tnd/mesa-r23.05.1/STRANGE/nad_convos_high/run_nad_convos_high_9.0MSUN_z0.0095,2036,2179
9.0,0.0100,/home/tnd/mesa-r23.05.1/STRANGE/nad_convos_high/run_nad_convos_high_9.0MSUN_z0.0100,2049,2213
9.0,0.0105,/home/tnd/mesa-r23.05.1/STRANGE/nad_convos_high/run_nad_convos_high_9.0MSUN_z0.0105,2062,2268
9.0,0.0110,/home/tnd/mesa-r23.05.1/STRANGE/nad_convos_high/run_nad_convos_high_9.0MSUN_z0.0110,2079,2284
9.0,0.0115,/home/tnd/mesa-r23.05.1/STRANGE/nad_convos_high/run_nad_convos_high_9.0MSUN_z0.0115,2084,2297
9.0,0.0120,/home/tnd/mesa-r23.05.1/STRANGE/nad_convos_high/run_nad_convos_high_9.0MSUN_z0.0120,2122,2333
9.0,0.0125,/home/tnd/mesa-r23.05.1/STRANGE/nad_convos_high/run_nad_convos_high_9.0MSUN_z0.0125,2098,2312
9.0,0.0130,/home/tnd/mesa-r23.05.1/STRANGE/nad_convos_high/run_nad_convos_high_9.0MSUN_z0.0130,2111,2317
9.0,0.0135,/home/tnd/mesa-r23.05.1/STRANGE/nad_convos_high/run_nad_convos_high_9.0MSUN_z0.0135,2127,2343
9.0,0.0140,/home/tnd/mesa-r23.05.1/STRANGE/nad_convos_high/run_nad_convos_high_9.0MSUN_z0.0140,2132,2351
9.0,0.0145,/home/tnd/mesa-r23.05.1/STRANGE/nad_convos_high/run_nad_convos_high_9.0MSUN_z0.0145,2144,2345
9.0,0.0150,/home/tnd/mesa-r23.05.1/STRANGE/nad_convos_high/run_nad_convos_high_9.0MSUN_z0.0150,2143,2352
9.0,0.0155,/home/tnd/mesa-r23.05.1/STRANGE/nad_convos_high/run_nad_convos_high_9.0MSUN_z0.0155,2156,2359
9.0,0.0160,/home/tnd/mesa-r23.05.1/STRANGE/nad_convos_high/run_nad_convos_high_9.0MSUN_z0.0160,2160,2357
9.0,0.0165,/home/tnd/mesa-r23.05.1/STRANGE/nad_convos_high/run_nad_convos_high_9.0MSUN_z0.0165,2184,2368
9.0,0.0170,/home/tnd/mesa-r23.05.1/STRANGE/nad_convos_high/run_nad_convos_high_9.0MSUN_z0.0170,2186,2377
9.0,0.0175,/home/tnd/mesa-r23.05.1/STRANGE/nad_convos_high/run_nad_convos_high_9.0MSUN_z0.0175,2193,2374
9.0,0.0180,/home/tnd/mesa-r23.05.1/STRANGE/nad_convos_high/run_nad_convos_high_9.0MSUN_z0.0180,2200,2374
9.0,0.0185,/home/tnd/mesa-r23.05.1/STRANGE/nad_convos_high/run_nad_convos_high_9.0MSUN_z0.0185,2216,2383
9.0,0.0190,/home/tnd/mesa-r23.05.1/STRANGE/nad_convos_high/run_nad_convos_high_9.0MSUN_z0.0190,2214,2382
9.0,0.0195,/home/tnd/mesa-r23.05.1/STRANGE/nad_convos_high/run_nad_convos_high_9.0MSUN_z0.0195,2227,2389
9.0,0.0200,/home/tnd/mesa-r23.05.1/STRANGE/nad_convos_high/run_nad_convos_high_9.0MSUN_z0.0200,2237,2394
9.5,0.0015,/home/tnd/mesa-r23.05.1/STRANGE/nad_convos_high/run_nad_convos_high_9.5MSUN_z0.0015,1801,2062
9.5,0.0020,/home/tnd/mesa-r23.05.1/STRANGE/nad_convos_high/run_nad_convos_high_9.5MSUN_z0.0020,1849,2045
9.5,0.0160,/home/tnd/mesa-r23.05.1/STRANGE/nad_convos_high/run_nad_convos_high_9.5MSUN_z0.0160,2169,2342
9.5,0.0165,/home/tnd/mesa-r23.05.1/STRANGE/nad_convos_high/run_nad_convos_high_9.5MSUN_z0.0165,2178,2367
9.5,0.0170,/home/tnd/mesa-r23.05.1/STRANGE/nad_convos_high/run_nad_convos_high_9.5MSUN_z0.0170,2201,2375
9.5,0.0175,/home/tnd/mesa-r23.05.1/STRANGE/nad_convos_high/run_nad_convos_high_9.5MSUN_z0.0175,2190,2360
10.0,0.0020,/home/tnd/mesa-r23.05.1/STRANGE/nad_convos_high/run_nad_convos_high_10.0MSUN_z0.0020,2036,2038
